Date,Open,High,Low,Close,Volume
30/08/2010,1.28,1.28,1.28,1.28,50000
31/08/2010,1.28,1.28,1.28,1.28,0
01/09/2010,1.28,1.28,1.28,1.28,0
02/09/2010,1.28,1.28,1.28,1.28,0
03/09/2010,1.28,1.28,1.28,1.28,0
06/09/2010,1.28,1.28,1.28,1.28,0
07/09/2010,1.28,1.28,1.28,1.28,0
08/09/2010,1.28,1.28,1.28,1.28,0
09/09/2010,1.28,1.28,1.28,1.28,0
10/09/2010,1.36,1.36,1.36,1.36,25000
13/09/2010,1.37,1.37,1.37,1.37,7938
14/09/2010,1.37,1.37,1.37,1.37,17062
15/09/2010,1.37,1.37,1.37,1.37,0
16/09/2010,1.37,1.37,1.37,1.37,0
17/09/2010,1.37,1.37,1.37,1.37,0
20/09/2010,1.37,1.37,1.37,1.37,0
21/09/2010,1.37,1.37,1.37,1.37,0
22/09/2010,1.37,1.37,1.37,1.37,0
23/09/2010,1.37,1.37,1.35,1.35,1720
24/09/2010,1.35,1.35,1.35,1.35,0
27/09/2010,1.39,1.39,1.39,1.39,5000
28/09/2010,1.39,1.39,1.39,1.39,0
29/09/2010,1.4,1.4,1.4,1.4,790
30/09/2010,1.4,1.4,1.4,1.4,0
01/10/2010,1.4,1.4,1.4,1.4,0
04/10/2010,1.4,1.4,1.4,1.4,790
05/10/2010,1.4,1.4,1.4,1.4,1855
06/10/2010,1.4,1.4,1.4,1.4,0
07/10/2010,1.4,1.4,1.4,1.4,0
08/10/2010,1.4,1.4,1.4,1.4,0
11/10/2010,1.4,1.4,1.4,1.4,0
12/10/2010,1.4,1.4,1.4,1.4,0
13/10/2010,1.4,1.4,1.4,1.4,0
14/10/2010,1.4,1.4,1.4,1.4,1000
15/10/2010,1.4,1.4,1.4,1.4,0
18/10/2010,1.4,1.4,1.4,1.4,0
19/10/2010,1.4,1.4,1.4,1.4,0
20/10/2010,1.4,1.4,1.4,1.4,0
21/10/2010,1.4,1.4,1.4,1.4,0
22/10/2010,1.4,1.4,1.4,1.4,0
25/10/2010,1.4,1.4,1.4,1.4,0
26/10/2010,1.41,1.41,1.41,1.41,5000
27/10/2010,1.41,1.41,1.41,1.41,0
28/10/2010,1.41,1.41,1.41,1.41,1500
29/10/2010,1.425,1.425,1.425,1.425,2000
01/11/2010,1.425,1.425,1.425,1.425,0
02/11/2010,1.425,1.425,1.425,1.425,0
03/11/2010,1.425,1.425,1.425,1.425,0
04/11/2010,1.425,1.425,1.425,1.425,0
05/11/2010,1.43,1.43,1.43,1.43,13500
08/11/2010,1.43,1.43,1.43,1.43,13500
09/11/2010,1.43,1.43,1.43,1.43,0
10/11/2010,1.43,1.43,1.43,1.43,0
11/11/2010,1.43,1.43,1.43,1.43,0
12/11/2010,1.43,1.43,1.43,1.43,0
15/11/2010,1.43,1.43,1.43,1.43,0
16/11/2010,1.43,1.43,1.43,1.43,0
17/11/2010,1.43,1.43,1.43,1.43,0
18/11/2010,1.43,1.43,1.43,1.43,0
19/11/2010,1.43,1.43,1.43,1.43,0
22/11/2010,1.43,1.43,1.43,1.43,0
23/11/2010,1.43,1.43,1.43,1.43,0
24/11/2010,1.43,1.43,1.43,1.43,0
25/11/2010,1.43,1.43,1.43,1.43,0
26/11/2010,1.43,1.43,1.43,1.43,0
29/11/2010,1.43,1.43,1.43,1.43,0
30/11/2010,1.43,1.43,1.43,1.43,0
01/12/2010,1.43,1.43,1.43,1.43,0
02/12/2010,1.43,1.43,1.43,1.43,0
03/12/2010,1.43,1.43,1.43,1.43,0
06/12/2010,1.43,1.43,1.43,1.43,0
07/12/2010,1.43,1.43,1.43,1.43,0
08/12/2010,1.43,1.43,1.43,1.43,0
09/12/2010,1.43,1.43,1.43,1.43,0
10/12/2010,1.43,1.43,1.43,1.43,0
13/12/2010,1.43,1.43,1.43,1.43,0
14/12/2010,1.43,1.43,1.43,1.43,0
15/12/2010,1.43,1.43,1.43,1.43,0
16/12/2010,1.43,1.43,1.43,1.43,0
17/12/2010,1.43,1.43,1.43,1.43,0
20/12/2010,1.43,1.43,1.43,1.43,0
21/12/2010,1.43,1.43,1.43,1.43,0
22/12/2010,1.43,1.43,1.43,1.43,0
23/12/2010,1.43,1.43,1.43,1.43,0
24/12/2010,1.43,1.43,1.43,1.43,0
29/12/2010,1.43,1.43,1.43,1.43,0
30/12/2010,1.43,1.43,1.43,1.43,0
31/12/2010,1.43,1.43,1.43,1.43,0
04/01/2011,1.43,1.43,1.43,1.43,0
05/01/2011,1.43,1.43,1.43,1.43,0
06/01/2011,1.43,1.43,1.43,1.43,0
07/01/2011,1.43,1.43,1.43,1.43,0
10/01/2011,1.43,1.43,1.43,1.43,0
11/01/2011,1.43,1.43,1.43,1.43,0
12/01/2011,1.43,1.43,1.43,1.43,0
13/01/2011,1.43,1.43,1.43,1.43,0
14/01/2011,1.43,1.43,1.43,1.43,0
17/01/2011,1.43,1.43,1.43,1.43,0
18/01/2011,1.43,1.43,1.43,1.43,0
19/01/2011,1.43,1.43,1.43,1.43,0
20/01/2011,1.43,1.43,1.43,1.43,0
21/01/2011,1.43,1.43,1.43,1.43,0
24/01/2011,1.43,1.43,1.43,1.43,0
25/01/2011,1.5,1.5,1.5,1.5,1500
27/01/2011,1.5,1.5,1.5,1.5,0
28/01/2011,1.5,1.5,1.5,1.5,0
31/01/2011,1.5,1.5,1.5,1.5,0
01/02/2011,1.5,1.5,1.5,1.5,0
02/02/2011,1.5,1.5,1.5,1.5,0
03/02/2011,1.5,1.5,1.5,1.5,0
04/02/2011,1.5,1.5,1.5,1.5,0
07/02/2011,1.5,1.5,1.5,1.5,0
08/02/2011,1.5,1.5,1.5,1.5,0
09/02/2011,1.5,1.5,1.5,1.5,0
10/02/2011,1.5,1.5,1.5,1.5,0
11/02/2011,1.5,1.5,1.5,1.5,0
14/02/2011,1.48,1.48,1.48,1.48,800
15/02/2011,1.48,1.48,1.48,1.48,0
16/02/2011,1.48,1.48,1.48,1.48,0
17/02/2011,1.48,1.48,1.48,1.48,0
18/02/2011,1.48,1.48,1.48,1.48,0
21/02/2011,1.48,1.48,1.48,1.48,0
22/02/2011,1.48,1.48,1.48,1.48,0
23/02/2011,1.48,1.48,1.48,1.48,0
24/02/2011,1.48,1.48,1.48,1.48,0
25/02/2011,1.48,1.48,1.48,1.48,0
28/02/2011,1.48,1.48,1.48,1.48,0
01/03/2011,1.48,1.48,1.48,1.48,0
02/03/2011,1.48,1.48,1.48,1.48,0
03/03/2011,1.48,1.48,1.48,1.48,0
04/03/2011,1.48,1.48,1.48,1.48,0
07/03/2011,1.48,1.48,1.48,1.48,0
08/03/2011,1.48,1.48,1.48,1.48,0
09/03/2011,1.48,1.48,1.48,1.48,0
10/03/2011,1.48,1.48,1.48,1.48,0
11/03/2011,1.48,1.48,1.48,1.48,0
14/03/2011,1.48,1.48,1.48,1.48,0
15/03/2011,1.4,1.4,1.4,1.4,360
16/03/2011,1.4,1.4,1.4,1.4,0
17/03/2011,1.4,1.4,1.4,1.4,0
18/03/2011,1.4,1.4,1.4,1.4,0
21/03/2011,1.4,1.4,1.4,1.4,440
22/03/2011,1.4,1.4,1.4,1.4,0
23/03/2011,1.4,1.4,1.4,1.4,0
24/03/2011,1.4,1.4,1.4,1.4,0
25/03/2011,1.4,1.4,1.4,1.4,0
28/03/2011,1.4,1.4,1.4,1.4,0
29/03/2011,1.4,1.4,1.4,1.4,0
30/03/2011,1.4,1.4,1.4,1.4,0
31/03/2011,1.4,1.4,1.4,1.4,0
01/04/2011,1.4,1.4,1.4,1.4,0
04/04/2011,1.4,1.4,1.4,1.4,0
05/04/2011,1.4,1.4,1.4,1.4,0
06/04/2011,1.4,1.4,1.4,1.4,0
07/04/2011,1.4,1.4,1.4,1.4,0
08/04/2011,1.4,1.4,1.4,1.4,0
11/04/2011,1.4,1.4,1.4,1.4,0
12/04/2011,1.4,1.4,1.4,1.4,0
13/04/2011,1.4,1.4,1.4,1.4,0
14/04/2011,1.4,1.4,1.4,1.4,0
15/04/2011,1.4,1.4,1.4,1.4,0
18/04/2011,1.4,1.4,1.4,1.4,0
19/04/2011,1.4,1.4,1.4,1.4,0
20/04/2011,1.4,1.4,1.4,1.4,0
21/04/2011,1.4,1.4,1.4,1.4,0
27/04/2011,1.4,1.4,1.4,1.4,0
28/04/2011,1.4,1.4,1.4,1.4,0
29/04/2011,1.4,1.4,1.4,1.4,0
02/05/2011,1.4,1.4,1.4,1.4,0
03/05/2011,1.4,1.4,1.4,1.4,0
04/05/2011,1.4,1.4,1.4,1.4,0
05/05/2011,1.4,1.4,1.4,1.4,0
06/05/2011,1.4,1.4,1.4,1.4,0
09/05/2011,1.4,1.4,1.4,1.4,0
10/05/2011,1.4,1.4,1.4,1.4,0
11/05/2011,1.4,1.4,1.4,1.4,0
12/05/2011,1.4,1.4,1.4,1.4,0
13/05/2011,1.4,1.4,1.4,1.4,0
16/05/2011,1.4,1.4,1.4,1.4,0
17/05/2011,1.4,1.4,1.4,1.4,0
18/05/2011,1.4,1.4,1.4,1.4,0
19/05/2011,1.4,1.4,1.4,1.4,0
20/05/2011,1.4,1.4,1.4,1.4,0
23/05/2011,1.4,1.4,1.4,1.4,0
24/05/2011,1.45,1.45,1.45,1.45,2000
25/05/2011,1.45,1.45,1.45,1.45,0
26/05/2011,1.45,1.45,1.45,1.45,0
27/05/2011,1.45,1.45,1.45,1.45,0
30/05/2011,1.45,1.45,1.45,1.45,0
31/05/2011,1.45,1.45,1.45,1.45,0
01/06/2011,1.46,1.46,1.45,1.45,6350
02/06/2011,1.45,1.45,1.45,1.45,0
03/06/2011,1.45,1.45,1.45,1.45,0
06/06/2011,1.45,1.45,1.45,1.45,0
07/06/2011,1.45,1.45,1.45,1.45,345
08/06/2011,1.3,1.3,1.3,1.3,345
09/06/2011,1.3,1.3,1.3,1.3,0
10/06/2011,1.3,1.3,1.3,1.3,0
14/06/2011,1.3,1.3,1.3,1.3,0
15/06/2011,1.3,1.3,1.3,1.3,0
16/06/2011,1.3,1.3,1.3,1.3,0
17/06/2011,1.3,1.3,1.3,1.3,0
20/06/2011,1.3,1.3,1.3,1.3,0
21/06/2011,1.3,1.3,1.3,1.3,0
22/06/2011,1.3,1.3,1.3,1.3,0
23/06/2011,1.3,1.3,1.3,1.3,0
24/06/2011,1.3,1.3,1.3,1.3,0
27/06/2011,1.3,1.3,1.3,1.3,0
28/06/2011,1.3,1.3,1.3,1.3,0
29/06/2011,1.3,1.3,1.3,1.3,0
30/06/2011,1.3,1.3,1.3,1.3,0
01/07/2011,1.3,1.3,1.3,1.3,0
04/07/2011,1.3,1.3,1.3,1.3,0
05/07/2011,1.3,1.3,1.3,1.3,0
06/07/2011,1.3,1.3,1.3,1.3,0
07/07/2011,1.3,1.3,1.3,1.3,0
08/07/2011,1.3,1.3,1.3,1.3,0
11/07/2011,1.3,1.3,1.3,1.3,0
12/07/2011,1.3,1.3,1.3,1.3,0
13/07/2011,1.3,1.3,1.3,1.3,0
14/07/2011,1.45,1.45,1.45,1.45,670
15/07/2011,1.45,1.45,1.45,1.45,0
18/07/2011,1.45,1.45,1.45,1.45,0
19/07/2011,1.45,1.45,1.45,1.45,0
20/07/2011,1.45,1.45,1.45,1.45,0
21/07/2011,1.45,1.45,1.45,1.45,0
22/07/2011,1.45,1.45,1.45,1.45,0
25/07/2011,1.45,1.45,1.45,1.45,0
26/07/2011,1.45,1.45,1.45,1.45,0
27/07/2011,1.45,1.45,1.45,1.45,0
28/07/2011,1.45,1.45,1.45,1.45,0
29/07/2011,1.45,1.45,1.45,1.45,0
01/08/2011,1.45,1.45,1.45,1.45,0
02/08/2011,1.45,1.45,1.45,1.45,0
03/08/2011,1.45,1.45,1.45,1.45,0
04/08/2011,1.45,1.45,1.45,1.45,0
05/08/2011,1.45,1.45,1.45,1.45,0
08/08/2011,1.45,1.45,1.45,1.45,0
09/08/2011,1.45,1.45,1.45,1.45,0
10/08/2011,1.45,1.45,1.45,1.45,0
11/08/2011,1.45,1.45,1.45,1.45,0
12/08/2011,1.45,1.45,1.45,1.45,0
15/08/2011,1.45,1.45,1.45,1.45,0
16/08/2011,1.45,1.45,1.45,1.45,0
17/08/2011,1.45,1.45,1.45,1.45,0
18/08/2011,1.45,1.45,1.45,1.45,0
19/08/2011,1.45,1.45,1.45,1.45,0
22/08/2011,1.45,1.45,1.45,1.45,0
23/08/2011,1.45,1.45,1.45,1.45,0
24/08/2011,1.45,1.45,1.45,1.45,0
25/08/2011,1.45,1.45,1.45,1.45,0
26/08/2011,1.45,1.45,1.45,1.45,0
29/08/2011,1.45,1.45,1.45,1.45,0
30/08/2011,1.45,1.45,1.45,1.45,0
31/08/2011,1.45,1.45,1.45,1.45,0
01/09/2011,1.45,1.45,1.45,1.45,0
02/09/2011,1.45,1.45,1.45,1.45,0
05/09/2011,1.45,1.45,1.45,1.45,0
06/09/2011,1.45,1.45,1.45,1.45,0
07/09/2011,1.45,1.45,1.45,1.45,0
08/09/2011,1.45,1.45,1.45,1.45,0
09/09/2011,1.45,1.45,1.45,1.45,0
12/09/2011,1.45,1.45,1.45,1.45,0
13/09/2011,1.45,1.45,1.45,1.45,0
14/09/2011,1.45,1.45,1.45,1.45,0
15/09/2011,1.45,1.45,1.45,1.45,0
16/09/2011,1.45,1.45,1.45,1.45,0
19/09/2011,1.45,1.45,1.45,1.45,0
20/09/2011,1.45,1.45,1.45,1.45,0
21/09/2011,1.45,1.45,1.45,1.45,0
22/09/2011,1.45,1.45,1.45,1.45,0
23/09/2011,1.45,1.45,1.45,1.45,0
26/09/2011,1.45,1.45,1.45,1.45,0
27/09/2011,1.45,1.45,1.45,1.45,0
28/09/2011,1.45,1.45,1.45,1.45,0
29/09/2011,1.45,1.45,1.45,1.45,0
30/09/2011,1.45,1.45,1.45,1.45,0
03/10/2011,1.45,1.45,1.45,1.45,0
04/10/2011,1.45,1.45,1.45,1.45,0
05/10/2011,1.45,1.45,1.45,1.45,30819
06/10/2011,1.45,1.45,1.45,1.45,0
07/10/2011,1.45,1.45,1.45,1.45,0
10/10/2011,1.45,1.45,1.45,1.45,0
11/10/2011,1.45,1.45,1.45,1.45,0
12/10/2011,1.45,1.45,1.45,1.45,0
13/10/2011,1.45,1.45,1.45,1.45,0
14/10/2011,1.45,1.45,1.45,1.45,0
17/10/2011,1.45,1.45,1.45,1.45,0
18/10/2011,1.45,1.45,1.45,1.45,0
19/10/2011,1.45,1.45,1.45,1.45,0
20/10/2011,1.45,1.45,1.45,1.45,0
21/10/2011,1.45,1.45,1.45,1.45,0
24/10/2011,1.45,1.45,1.45,1.45,0
25/10/2011,1.45,1.45,1.45,1.45,0
26/10/2011,1.45,1.45,1.45,1.45,0
27/10/2011,1.45,1.45,1.45,1.45,0
28/10/2011,1.45,1.45,1.45,1.45,0
31/10/2011,1.45,1.45,1.45,1.45,0
01/11/2011,1.45,1.45,1.45,1.45,0
02/11/2011,1.45,1.45,1.45,1.45,0
03/11/2011,1.45,1.45,1.45,1.45,0
04/11/2011,1.45,1.45,1.45,1.45,0
07/11/2011,1.45,1.45,1.45,1.45,0
08/11/2011,1.45,1.45,1.45,1.45,0
09/11/2011,1.45,1.45,1.45,1.45,0
10/11/2011,1.45,1.45,1.45,1.45,0
11/11/2011,1.45,1.45,1.45,1.45,0
14/11/2011,1.45,1.45,1.45,1.45,0
15/11/2011,1.45,1.45,1.45,1.45,0
16/11/2011,1.45,1.45,1.45,1.45,0
17/11/2011,1.45,1.45,1.45,1.45,0
18/11/2011,1.45,1.45,1.45,1.45,0
21/11/2011,1.45,1.45,1.45,1.45,0
22/11/2011,1.45,1.45,1.45,1.45,0
23/11/2011,1.45,1.45,1.45,1.45,0
24/11/2011,1.45,1.45,1.45,1.45,0
25/11/2011,1.5,1.5,1.5,1.5,500
28/11/2011,1.5,1.5,1.5,1.5,0
29/11/2011,1.5,1.5,1.5,1.5,0
30/11/2011,1.5,1.5,1.5,1.5,0
01/12/2011,1.5,1.5,1.5,1.5,0
02/12/2011,1.5,1.5,1.5,1.5,0
05/12/2011,1.5,1.5,1.5,1.5,0
06/12/2011,1.5,1.5,1.5,1.5,0
07/12/2011,1.5,1.5,1.5,1.5,0
08/12/2011,1.5,1.5,1.5,1.5,0
09/12/2011,1.5,1.5,1.5,1.5,0
12/12/2011,1.5,1.5,1.5,1.5,0
13/12/2011,1.5,1.5,1.5,1.5,0
14/12/2011,1.5,1.5,1.5,1.5,0
15/12/2011,1.42,1.42,1.42,1.42,500
16/12/2011,1.42,1.42,1.42,1.42,0
19/12/2011,1.42,1.42,1.42,1.42,0
20/12/2011,1.42,1.42,1.42,1.42,0
21/12/2011,1.42,1.42,1.42,1.42,0
22/12/2011,1.42,1.42,1.42,1.42,0
23/12/2011,1.42,1.42,1.42,1.42,0
28/12/2011,1.42,1.42,1.42,1.42,0
29/12/2011,1.42,1.42,1.42,1.42,0
30/12/2011,1.42,1.42,1.42,1.42,0
03/01/2012,1.42,1.42,1.42,1.42,0
04/01/2012,1.42,1.42,1.42,1.42,0
05/01/2012,1.42,1.42,1.42,1.42,0
06/01/2012,1.42,1.42,1.42,1.42,0
09/01/2012,1.42,1.42,1.42,1.42,0
10/01/2012,1.42,1.42,1.42,1.42,0
11/01/2012,1.42,1.42,1.42,1.42,0
12/01/2012,1.42,1.42,1.42,1.42,0
13/01/2012,1.42,1.42,1.42,1.42,0
16/01/2012,1.42,1.42,1.42,1.42,0
17/01/2012,1.42,1.42,1.42,1.42,0
18/01/2012,1.42,1.42,1.42,1.42,0
19/01/2012,1.42,1.42,1.42,1.42,0
20/01/2012,1.42,1.42,1.42,1.42,0
23/01/2012,1.42,1.42,1.42,1.42,0
24/01/2012,1.42,1.42,1.42,1.42,0
25/01/2012,1.42,1.42,1.42,1.42,0
27/01/2012,1.42,1.42,1.42,1.42,0
30/01/2012,1.42,1.42,1.42,1.42,0
31/01/2012,1.42,1.42,1.42,1.42,0
01/02/2012,1.42,1.42,1.42,1.42,0
02/02/2012,1.42,1.42,1.42,1.42,0
03/02/2012,1.42,1.42,1.42,1.42,0
06/02/2012,1.42,1.42,1.42,1.42,0
07/02/2012,1.42,1.42,1.42,1.42,0
08/02/2012,1.42,1.42,1.42,1.42,0
09/02/2012,1.42,1.42,1.42,1.42,0
10/02/2012,1.42,1.42,1.42,1.42,0
13/02/2012,1.42,1.42,1.42,1.42,0
14/02/2012,1.42,1.42,1.42,1.42,500
15/02/2012,1.42,1.42,1.42,1.42,0
16/02/2012,1.42,1.42,1.42,1.42,0
17/02/2012,1.42,1.42,1.42,1.42,0
20/02/2012,1.42,1.42,1.42,1.42,0
21/02/2012,1.43,1.43,1.43,1.43,500
22/02/2012,1.43,1.43,1.43,1.43,0
23/02/2012,1.43,1.43,1.43,1.43,0
24/02/2012,1.43,1.43,1.43,1.43,0
27/02/2012,1.43,1.43,1.43,1.43,0
28/02/2012,1.43,1.43,1.43,1.43,0
29/02/2012,1.43,1.43,1.43,1.43,0
01/03/2012,1.43,1.43,1.43,1.43,0
02/03/2012,1.43,1.43,1.43,1.43,0
05/03/2012,1.43,1.43,1.43,1.43,0
06/03/2012,1.43,1.43,1.43,1.43,0
07/03/2012,1.43,1.43,1.43,1.43,0
08/03/2012,1.43,1.43,1.43,1.43,0
09/03/2012,1.43,1.43,1.43,1.43,0
12/03/2012,1.43,1.43,1.43,1.43,0
13/03/2012,1.43,1.43,1.43,1.43,0
14/03/2012,1.43,1.43,1.43,1.43,0
15/03/2012,1.43,1.43,1.43,1.43,0
16/03/2012,1.43,1.43,1.43,1.43,0
19/03/2012,1.43,1.43,1.43,1.43,0
20/03/2012,1.43,1.43,1.43,1.43,0
21/03/2012,1.43,1.43,1.43,1.43,0
22/03/2012,1.43,1.43,1.43,1.43,0
23/03/2012,1.43,1.43,1.43,1.43,0
26/03/2012,1.43,1.43,1.43,1.43,0
27/03/2012,1.43,1.43,1.43,1.43,0
28/03/2012,1.43,1.43,1.43,1.43,0
29/03/2012,1.43,1.43,1.43,1.43,0
30/03/2012,1.43,1.43,1.43,1.43,0
02/04/2012,1.43,1.43,1.43,1.43,0
03/04/2012,1.43,1.43,1.43,1.43,0
04/04/2012,1.43,1.43,1.43,1.43,0
05/04/2012,1.43,1.43,1.43,1.43,0
10/04/2012,1.43,1.43,1.43,1.43,0
11/04/2012,1.43,1.43,1.43,1.43,0
12/04/2012,1.43,1.43,1.43,1.43,0
13/04/2012,1.43,1.43,1.43,1.43,0
16/04/2012,1.43,1.43,1.43,1.43,0
17/04/2012,1.43,1.43,1.43,1.43,0
18/04/2012,1.43,1.43,1.43,1.43,0
19/04/2012,1.43,1.43,1.43,1.43,0
20/04/2012,1.43,1.43,1.43,1.43,0
23/04/2012,1.43,1.43,1.43,1.43,0
24/04/2012,1.43,1.43,1.43,1.43,4567732
26/04/2012,1.43,1.43,1.43,1.43,0
27/04/2012,1.43,1.43,1.43,1.43,0
30/04/2012,1.43,1.43,1.43,1.43,0
01/05/2012,1.43,1.43,1.43,1.43,0
02/05/2012,1.43,1.43,1.43,1.43,0
03/05/2012,1.43,1.43,1.43,1.43,0
04/05/2012,1.43,1.43,1.43,1.43,0
07/05/2012,1.43,1.43,1.43,1.43,0
08/05/2012,1.43,1.43,1.43,1.43,0
09/05/2012,1.43,1.43,1.43,1.43,0
10/05/2012,1.43,1.43,1.43,1.43,0
11/05/2012,1.43,1.43,1.43,1.43,0
14/05/2012,1.43,1.43,1.43,1.43,0
15/05/2012,1.43,1.43,1.43,1.43,0
16/05/2012,1.43,1.43,1.43,1.43,0
17/05/2012,1.43,1.43,1.43,1.43,0
18/05/2012,1.43,1.43,1.43,1.43,0
21/05/2012,1.43,1.43,1.43,1.43,0
22/05/2012,1.43,1.43,1.43,1.43,0
23/05/2012,1.43,1.43,1.43,1.43,0
24/05/2012,1.43,1.43,1.43,1.43,0
25/05/2012,1.43,1.43,1.43,1.43,0
28/05/2012,1.43,1.43,1.43,1.43,0
29/05/2012,1.43,1.43,1.43,1.43,0
30/05/2012,1.43,1.43,1.43,1.43,0
31/05/2012,1.43,1.43,1.43,1.43,0
01/06/2012,1.43,1.43,1.43,1.43,0
04/06/2012,1.43,1.43,1.43,1.43,0
05/06/2012,1.43,1.43,1.43,1.43,0
06/06/2012,1.43,1.43,1.43,1.43,0
07/06/2012,1.43,1.43,1.43,1.43,0
08/06/2012,1.43,1.43,1.43,1.43,0
12/06/2012,1.43,1.43,1.43,1.43,0
13/06/2012,1.43,1.43,1.43,1.43,0
14/06/2012,1.43,1.43,1.43,1.43,0
15/06/2012,1.43,1.43,1.43,1.43,0
18/06/2012,1.43,1.43,1.43,1.43,0
19/06/2012,1.43,1.43,1.43,1.43,0
20/06/2012,1.43,1.43,1.43,1.43,0
21/06/2012,1.43,1.43,1.43,1.43,0
22/06/2012,1.43,1.43,1.43,1.43,0
25/06/2012,1.43,1.43,1.43,1.43,0
26/06/2012,1.43,1.43,1.43,1.43,0
27/06/2012,1.43,1.43,1.43,1.43,0
28/06/2012,1.43,1.43,1.43,1.43,0
29/06/2012,1.43,1.43,1.43,1.43,0
02/07/2012,1.43,1.43,1.43,1.43,0
03/07/2012,1.43,1.43,1.43,1.43,0
04/07/2012,1.43,1.43,1.43,1.43,0
05/07/2012,1.43,1.43,1.43,1.43,0
06/07/2012,1.43,1.43,1.43,1.43,0
09/07/2012,1.43,1.43,1.43,1.43,0
10/07/2012,1.43,1.43,1.43,1.43,0
11/07/2012,1.43,1.43,1.43,1.43,0
12/07/2012,1.43,1.43,1.43,1.43,0
13/07/2012,1.43,1.43,1.43,1.43,0
16/07/2012,1.43,1.43,1.43,1.43,0
17/07/2012,1.43,1.43,1.43,1.43,0
18/07/2012,1.43,1.43,1.43,1.43,0
19/07/2012,1.43,1.43,1.43,1.43,0
20/07/2012,1.43,1.43,1.43,1.43,0
23/07/2012,1.43,1.43,1.43,1.43,0
24/07/2012,1.43,1.43,1.43,1.43,0
25/07/2012,1.43,1.43,1.43,1.43,0
26/07/2012,1.43,1.43,1.43,1.43,0
27/07/2012,1.43,1.43,1.43,1.43,0
30/07/2012,1.43,1.43,1.43,1.43,0
31/07/2012,1.43,1.43,1.43,1.43,0
01/08/2012,1.43,1.43,1.43,1.43,0
02/08/2012,1.43,1.43,1.43,1.43,0
03/08/2012,1.43,1.43,1.43,1.43,0
06/08/2012,1.43,1.43,1.43,1.43,0
07/08/2012,1.43,1.43,1.43,1.43,0
08/08/2012,1.43,1.43,1.43,1.43,0
09/08/2012,1.43,1.43,1.43,1.43,0
10/08/2012,1.43,1.43,1.43,1.43,0
13/08/2012,1.43,1.43,1.43,1.43,0
14/08/2012,1.43,1.43,1.43,1.43,0
15/08/2012,1.43,1.43,1.43,1.43,0
16/08/2012,1.43,1.43,1.43,1.43,0
17/08/2012,1.43,1.43,1.43,1.43,0
20/08/2012,1.43,1.43,1.43,1.43,0
21/08/2012,1.43,1.43,1.43,1.43,0
22/08/2012,1.43,1.43,1.43,1.43,0
23/08/2012,1.43,1.43,1.43,1.43,0
24/08/2012,1.43,1.43,1.43,1.43,0
27/08/2012,1.43,1.43,1.43,1.43,0
28/08/2012,1.43,1.43,1.43,1.43,0
29/08/2012,1.43,1.43,1.43,1.43,0
30/08/2012,1.43,1.43,1.43,1.43,0
31/08/2012,1.43,1.43,1.43,1.43,0
03/09/2012,1.43,1.43,1.43,1.43,0
04/09/2012,1.43,1.43,1.43,1.43,0
05/09/2012,1.43,1.43,1.43,1.43,0
06/09/2012,1.43,1.43,1.43,1.43,0
07/09/2012,1.43,1.43,1.43,1.43,0
10/09/2012,1.43,1.43,1.43,1.43,0
11/09/2012,1.43,1.43,1.43,1.43,0
12/09/2012,1.43,1.43,1.43,1.43,0
13/09/2012,1.43,1.43,1.43,1.43,0
14/09/2012,1.43,1.43,1.43,1.43,0
17/09/2012,1.43,1.43,1.43,1.43,0
18/09/2012,1.43,1.43,1.43,1.43,0
19/09/2012,1.43,1.43,1.43,1.43,0
20/09/2012,1.43,1.43,1.43,1.43,0
21/09/2012,1.43,1.43,1.43,1.43,0
24/09/2012,1.43,1.43,1.43,1.43,0
25/09/2012,1.43,1.43,1.43,1.43,0
26/09/2012,1.43,1.43,1.43,1.43,0
27/09/2012,1.43,1.43,1.43,1.43,0
28/09/2012,1.43,1.43,1.43,1.43,0
01/10/2012,1.43,1.43,1.43,1.43,0
02/10/2012,1.43,1.43,1.43,1.43,0
03/10/2012,1.43,1.43,1.43,1.43,0
04/10/2012,1.43,1.43,1.43,1.43,0
05/10/2012,1.43,1.43,1.43,1.43,0
08/10/2012,1.43,1.43,1.43,1.43,0
09/10/2012,1.43,1.43,1.43,1.43,0
10/10/2012,1.43,1.43,1.43,1.43,0
11/10/2012,1.43,1.43,1.43,1.43,0
12/10/2012,1.43,1.43,1.43,1.43,0
15/10/2012,1.43,1.43,1.43,1.43,0
16/10/2012,1.43,1.43,1.43,1.43,0
17/10/2012,1.43,1.43,1.43,1.43,0
18/10/2012,1.43,1.43,1.43,1.43,0
19/10/2012,1.43,1.43,1.43,1.43,0
22/10/2012,1.43,1.43,1.43,1.43,0
23/10/2012,1.43,1.43,1.43,1.43,0
24/10/2012,1.43,1.43,1.43,1.43,0
25/10/2012,1.43,1.43,1.43,1.43,0
26/10/2012,1.43,1.43,1.43,1.43,0
29/10/2012,1.43,1.43,1.43,1.43,0
30/10/2012,1.43,1.43,1.43,1.43,0
31/10/2012,1.43,1.43,1.43,1.43,0
01/11/2012,1.43,1.43,1.43,1.43,0
02/11/2012,1.43,1.43,1.43,1.43,0
05/11/2012,1.43,1.43,1.43,1.43,0
06/11/2012,1.43,1.43,1.43,1.43,0
07/11/2012,1.43,1.43,1.43,1.43,0
08/11/2012,1.43,1.43,1.43,1.43,0
09/11/2012,1.43,1.43,1.43,1.43,0
12/11/2012,1.43,1.43,1.43,1.43,0
13/11/2012,1.43,1.43,1.43,1.43,0
14/11/2012,1.43,1.43,1.43,1.43,0
15/11/2012,1.43,1.43,1.43,1.43,0
16/11/2012,1.43,1.43,1.43,1.43,0
19/11/2012,1.43,1.43,1.43,1.43,0
20/11/2012,1.43,1.43,1.43,1.43,0
21/11/2012,1.43,1.43,1.43,1.43,0
22/11/2012,1.43,1.43,1.43,1.43,0
23/11/2012,1.43,1.43,1.43,1.43,0
26/11/2012,1.43,1.43,1.43,1.43,0
27/11/2012,1.43,1.43,1.43,1.43,0
28/11/2012,1.43,1.43,1.43,1.43,0
29/11/2012,1.43,1.43,1.43,1.43,0
30/11/2012,1.43,1.43,1.43,1.43,0
03/12/2012,1.43,1.43,1.43,1.43,0
04/12/2012,1.43,1.43,1.43,1.43,0
05/12/2012,1.43,1.43,1.43,1.43,0
06/12/2012,1.43,1.43,1.43,1.43,0
07/12/2012,1.43,1.43,1.43,1.43,0
10/12/2012,1.43,1.43,1.43,1.43,0
11/12/2012,1.43,1.43,1.43,1.43,0
12/12/2012,1.43,1.43,1.43,1.43,0
13/12/2012,1.43,1.43,1.43,1.43,0
14/12/2012,1.43,1.43,1.43,1.43,0
17/12/2012,1.43,1.43,1.43,1.43,0
18/12/2012,1.43,1.43,1.43,1.43,0
19/12/2012,1.43,1.43,1.43,1.43,0
20/12/2012,1.43,1.43,1.43,1.43,0
21/12/2012,1.43,1.43,1.43,1.43,0
24/12/2012,1.43,1.43,1.43,1.43,0
27/12/2012,1.43,1.43,1.43,1.43,0
28/12/2012,1.43,1.43,1.43,1.43,0
31/12/2012,1.43,1.43,1.43,1.43,0
02/01/2013,1.43,1.43,1.43,1.43,0
03/01/2013,1.43,1.43,1.43,1.43,0
04/01/2013,1.43,1.43,1.43,1.43,0
07/01/2013,1.43,1.43,1.43,1.43,0
08/01/2013,1.43,1.43,1.43,1.43,0
09/01/2013,1.43,1.43,1.43,1.43,0
10/01/2013,1.43,1.43,1.43,1.43,0
11/01/2013,1.43,1.43,1.43,1.43,0
14/01/2013,1.43,1.43,1.43,1.43,0
15/01/2013,1.43,1.43,1.43,1.43,0
16/01/2013,1.43,1.43,1.43,1.43,0
17/01/2013,1.43,1.43,1.43,1.43,0
18/01/2013,1.43,1.43,1.43,1.43,0
21/01/2013,1.43,1.43,1.43,1.43,0
22/01/2013,1.43,1.43,1.43,1.43,0
23/01/2013,1.43,1.43,1.43,1.43,0
24/01/2013,1.43,1.43,1.43,1.43,0
25/01/2013,1.43,1.43,1.43,1.43,0
29/01/2013,1.43,1.43,1.43,1.43,0
30/01/2013,1.43,1.43,1.43,1.43,0
31/01/2013,1.43,1.43,1.43,1.43,0
01/02/2013,1.43,1.43,1.43,1.43,0
04/02/2013,1.43,1.43,1.43,1.43,0
05/02/2013,1.43,1.43,1.43,1.43,0
06/02/2013,1.43,1.43,1.43,1.43,0
07/02/2013,1.43,1.43,1.43,1.43,0
08/02/2013,1.43,1.43,1.43,1.43,0
11/02/2013,1.43,1.43,1.43,1.43,0
12/02/2013,1.43,1.43,1.43,1.43,0
13/02/2013,1.43,1.43,1.43,1.43,0
14/02/2013,1.43,1.43,1.43,1.43,0
15/02/2013,1.43,1.43,1.43,1.43,0
18/02/2013,1.43,1.43,1.43,1.43,0
19/02/2013,1.43,1.43,1.43,1.43,0
20/02/2013,1.43,1.43,1.43,1.43,0
21/02/2013,1.43,1.43,1.43,1.43,0
22/02/2013,1.43,1.43,1.43,1.43,0
25/02/2013,1.43,1.43,1.43,1.43,0
26/02/2013,1.43,1.43,1.43,1.43,0
27/02/2013,1.43,1.43,1.43,1.43,0
28/02/2013,1.43,1.43,1.43,1.43,0
01/03/2013,1.43,1.43,1.43,1.43,0
04/03/2013,1.43,1.43,1.43,1.43,0
05/03/2013,1.43,1.43,1.43,1.43,0
06/03/2013,1.43,1.43,1.43,1.43,0
07/03/2013,1.43,1.43,1.43,1.43,0
08/03/2013,1.43,1.43,1.43,1.43,0
11/03/2013,1.43,1.43,1.43,1.43,0
12/03/2013,1.43,1.43,1.43,1.43,0
13/03/2013,1.43,1.43,1.43,1.43,0
14/03/2013,1.43,1.43,1.43,1.43,0
15/03/2013,1.43,1.43,1.43,1.43,0
18/03/2013,1.43,1.43,1.43,1.43,0
19/03/2013,1.43,1.43,1.43,1.43,0
20/03/2013,1.43,1.43,1.43,1.43,0
21/03/2013,1.43,1.43,1.43,1.43,0
22/03/2013,1.43,1.43,1.43,1.43,0
25/03/2013,1.43,1.43,1.43,1.43,0
26/03/2013,1.43,1.43,1.43,1.43,0
27/03/2013,1.43,1.43,1.43,1.43,0
28/03/2013,1.43,1.43,1.43,1.43,0
02/04/2013,1.43,1.43,1.43,1.43,0
03/04/2013,1.43,1.43,1.43,1.43,0
04/04/2013,1.43,1.43,1.43,1.43,0
05/04/2013,1.43,1.43,1.43,1.43,0
08/04/2013,1.43,1.43,1.43,1.43,0
09/04/2013,1.9,1.9,1.9,1.9,24000
10/04/2013,1.9,1.9,1.9,1.9,0
11/04/2013,1.9,1.9,1.9,1.9,0
12/04/2013,1.9,1.9,1.9,1.9,0
15/04/2013,1.9,1.9,1.9,1.9,0
16/04/2013,1.9,1.9,1.9,1.9,0
17/04/2013,1.9,1.9,1.9,1.9,0
18/04/2013,1.9,1.9,1.9,1.9,0
19/04/2013,1.9,1.9,1.9,1.9,0
22/04/2013,1.9,1.9,1.9,1.9,0
23/04/2013,1.9,1.9,1.9,1.9,264
24/04/2013,1.9,1.9,1.9,1.9,0
26/04/2013,1.9,1.9,1.9,1.9,0
29/04/2013,1.9,1.9,1.9,1.9,0
30/04/2013,1.9,1.9,1.9,1.9,0
01/05/2013,1.9,1.9,1.9,1.9,0
02/05/2013,1.9,1.9,1.9,1.9,0
03/05/2013,1.9,1.9,1.9,1.9,0
06/05/2013,1.9,1.9,1.9,1.9,0
07/05/2013,1.9,1.9,1.9,1.9,0
08/05/2013,1.9,1.9,1.9,1.9,0
09/05/2013,1.9,1.9,1.9,1.9,0
10/05/2013,1.9,1.9,1.9,1.9,0
13/05/2013,1.9,1.9,1.9,1.9,0
14/05/2013,2.15,2.15,2.15,2.15,500
15/05/2013,2.15,2.15,2.15,2.15,0
16/05/2013,2.15,2.15,2.15,2.15,0
17/05/2013,2.15,2.15,2.15,2.15,0
20/05/2013,2.15,2.15,2.15,2.15,0
21/05/2013,2.15,2.15,2.14,2.14,1900
22/05/2013,2.14,2.14,2.14,2.14,0
23/05/2013,2.15,2.15,2.15,2.15,90
24/05/2013,2.15,2.15,2.15,2.15,4410
27/05/2013,2.15,2.15,2.15,2.15,0
28/05/2013,2.15,2.15,2.15,2.15,0
29/05/2013,2.15,2.15,2.15,2.15,0
30/05/2013,2.15,2.15,2.15,2.15,0
31/05/2013,2.15,2.15,2.15,2.15,0
03/06/2013,2.03,2.03,2.03,2.03,6201
04/06/2013,2.03,2.03,2.03,2.03,0
05/06/2013,2.03,2.03,2.03,2.03,0
06/06/2013,2.03,2.03,2.03,2.03,0
07/06/2013,2.03,2.03,2.03,2.03,0
11/06/2013,2.03,2.03,2.03,2.03,0
12/06/2013,2.03,2.03,2.03,2.03,0
13/06/2013,2.03,2.03,2.03,2.03,0
14/06/2013,2.03,2.03,2.03,2.03,0
17/06/2013,2.03,2.03,2.03,2.03,0
18/06/2013,2.03,2.03,2.03,2.03,0
19/06/2013,2.03,2.03,2.03,2.03,0
20/06/2013,2.03,2.03,2.03,2.03,0
21/06/2013,2.03,2.03,2.03,2.03,0
24/06/2013,2.03,2.03,2.03,2.03,0
25/06/2013,2.03,2.03,2.03,2.03,0
26/06/2013,2.03,2.03,2.03,2.03,0
27/06/2013,2.03,2.03,2.03,2.03,0
28/06/2013,2.03,2.03,2.03,2.03,0
01/07/2013,2.03,2.03,2.03,2.03,0
02/07/2013,2.03,2.03,2.03,2.03,0
03/07/2013,2.03,2.03,2.03,2.03,0
04/07/2013,2.03,2.03,2.03,2.03,0
05/07/2013,2.03,2.03,2.03,2.03,0
08/07/2013,2.03,2.03,2.03,2.03,0
09/07/2013,2.03,2.03,2.03,2.03,0
10/07/2013,2.03,2.03,2.03,2.03,0
11/07/2013,2.03,2.03,2.03,2.03,0
12/07/2013,2.03,2.03,2.03,2.03,0
15/07/2013,2.03,2.03,2.03,2.03,0
16/07/2013,2.03,2.03,2.03,2.03,0
17/07/2013,2.03,2.03,2.03,2.03,0
18/07/2013,2.03,2.03,2.03,2.03,0
19/07/2013,2.03,2.03,2.03,2.03,0
22/07/2013,2.03,2.03,2.03,2.03,0
23/07/2013,2.03,2.03,2.03,2.03,0
24/07/2013,2.03,2.03,2.03,2.03,0
25/07/2013,2.03,2.03,2.03,2.03,0
26/07/2013,2.03,2.03,2.03,2.03,0
29/07/2013,2.03,2.03,2.03,2.03,0
30/07/2013,2.03,2.03,2.03,2.03,0
31/07/2013,2.03,2.03,2.03,2.03,0
01/08/2013,2.03,2.03,2.03,2.03,0
02/08/2013,2.03,2.03,2.03,2.03,0
05/08/2013,2.03,2.03,2.03,2.03,0
06/08/2013,2.03,2.03,2.03,2.03,0
07/08/2013,2.03,2.03,2.03,2.03,0
08/08/2013,2.03,2.03,2.03,2.03,0
09/08/2013,2.03,2.03,2.03,2.03,0
12/08/2013,2.03,2.03,2.03,2.03,0
13/08/2013,2.03,2.03,2.03,2.03,0
14/08/2013,2.03,2.03,2.03,2.03,0
15/08/2013,2.03,2.03,2.03,2.03,0
16/08/2013,2.03,2.03,2.03,2.03,0
19/08/2013,2.03,2.03,2.03,2.03,0
20/08/2013,2.03,2.03,2.03,2.03,0
21/08/2013,2.03,2.03,2.03,2.03,0
22/08/2013,2.03,2.03,2.03,2.03,0
23/08/2013,2.03,2.03,2.03,2.03,0
26/08/2013,2.03,2.03,2.03,2.03,0
27/08/2013,2.03,2.03,2.03,2.03,0
28/08/2013,2.03,2.03,2.03,2.03,0
29/08/2013,2.03,2.03,2.03,2.03,0
30/08/2013,2.03,2.03,2.03,2.03,0
02/09/2013,2.03,2.03,2.03,2.03,0
03/09/2013,2.03,2.03,2.03,2.03,0
04/09/2013,2.03,2.03,2.03,2.03,0
05/09/2013,2.03,2.03,2.03,2.03,0
06/09/2013,2.03,2.03,2.03,2.03,0
09/09/2013,2.03,2.03,2.03,2.03,0
10/09/2013,2.03,2.03,2.03,2.03,0
11/09/2013,2.03,2.03,2.03,2.03,0
12/09/2013,2.03,2.03,2.03,2.03,0
13/09/2013,2.03,2.03,2.03,2.03,0
16/09/2013,2.03,2.03,2.03,2.03,0
17/09/2013,2.03,2.03,2.03,2.03,0
18/09/2013,2.03,2.03,2.03,2.03,0
19/09/2013,2.03,2.03,2.03,2.03,0
20/09/2013,2.1,2.1,2.1,2.1,6310
23/09/2013,2.1,2.1,2.1,2.1,0
24/09/2013,2.1,2.1,2.1,2.1,0
25/09/2013,2.1,2.1,2.1,2.1,0
26/09/2013,2.1,2.1,2.1,2.1,0
27/09/2013,2.1,2.1,2.1,2.1,0
30/09/2013,2.1,2.1,2.1,2.1,0
01/10/2013,2.1,2.1,2.1,2.1,0
02/10/2013,2.1,2.1,2.1,2.1,0
03/10/2013,2.1,2.1,2.1,2.1,0
04/10/2013,2.1,2.1,2.1,2.1,0
07/10/2013,2.1,2.1,2.1,2.1,0
08/10/2013,2.1,2.1,2.1,2.1,0
09/10/2013,2.1,2.1,2.1,2.1,0
10/10/2013,2.1,2.1,2.1,2.1,0
11/10/2013,2.1,2.1,2.1,2.1,0
14/10/2013,2.1,2.1,2.1,2.1,0
15/10/2013,2.1,2.1,2.1,2.1,0
16/10/2013,2.1,2.1,2.1,2.1,0
17/10/2013,2.1,2.1,2.1,2.1,0
18/10/2013,2.1,2.1,2.1,2.1,0
21/10/2013,2.1,2.1,2.1,2.1,0
22/10/2013,2.1,2.1,2.1,2.1,0
23/10/2013,2.1,2.1,2.1,2.1,0
24/10/2013,2.1,2.1,2.1,2.1,0
25/10/2013,2.1,2.1,2.1,2.1,0
28/10/2013,2.1,2.1,2.1,2.1,0
29/10/2013,2.1,2.1,2.1,2.1,0
30/10/2013,2.1,2.1,2.1,2.1,0
31/10/2013,2.1,2.1,2.1,2.1,0
01/11/2013,2.1,2.1,2.1,2.1,0
04/11/2013,2.1,2.1,2.1,2.1,0
05/11/2013,2.1,2.1,2.1,2.1,0
06/11/2013,2.1,2.1,2.1,2.1,0
07/11/2013,2.1,2.1,2.1,2.1,0
08/11/2013,2.1,2.1,2.1,2.1,0
11/11/2013,2.1,2.1,2.1,2.1,0
12/11/2013,2.1,2.1,2.1,2.1,0
13/11/2013,2.1,2.1,2.1,2.1,0
14/11/2013,2.1,2.1,2.1,2.1,0
15/11/2013,2.1,2.1,2.1,2.1,0
18/11/2013,2.1,2.1,2.1,2.1,0
19/11/2013,2.1,2.1,2.1,2.1,0
20/11/2013,2.1,2.1,2.1,2.1,0
21/11/2013,2.1,2.1,2.1,2.1,0
22/11/2013,2.1,2.1,2.1,2.1,0
25/11/2013,2.1,2.1,2.1,2.1,0
26/11/2013,2.1,2.1,2.1,2.1,0
27/11/2013,2.1,2.1,2.1,2.1,0
28/11/2013,2.1,2.1,2.1,2.1,0
29/11/2013,2.1,2.1,2.1,2.1,0
02/12/2013,2.1,2.1,2.1,2.1,0
03/12/2013,2.1,2.1,2.1,2.1,0
04/12/2013,2.1,2.1,2.1,2.1,0
05/12/2013,2.1,2.1,2.1,2.1,0
06/12/2013,2.1,2.1,2.1,2.1,0
09/12/2013,2.1,2.1,2.1,2.1,0
10/12/2013,2.1,2.1,2.1,2.1,0
11/12/2013,2.1,2.1,2.1,2.1,0
12/12/2013,2.1,2.1,2.1,2.1,0
13/12/2013,2.1,2.1,2.1,2.1,0
16/12/2013,2.1,2.1,2.1,2.1,0
17/12/2013,2.1,2.1,2.1,2.1,0
18/12/2013,2.1,2.1,2.1,2.1,0
19/12/2013,2.1,2.1,2.1,2.1,0
20/12/2013,2.1,2.1,2.1,2.1,0
23/12/2013,2.1,2.1,2.1,2.1,0
24/12/2013,2.1,2.1,2.1,2.1,0
27/12/2013,2.1,2.1,2.1,2.1,0
30/12/2013,2.1,2.1,2.1,2.1,0
31/12/2013,2.1,2.1,2.1,2.1,0
02/01/2014,2.1,2.1,2.1,2.1,0
03/01/2014,2.1,2.1,2.1,2.1,0
06/01/2014,2.1,2.1,2.1,2.1,0
07/01/2014,2.1,2.1,2.1,2.1,0
08/01/2014,2.1,2.1,2.1,2.1,0
09/01/2014,2.1,2.1,2.1,2.1,0
10/01/2014,2.1,2.1,2.1,2.1,0
13/01/2014,2.13,2.13,2.13,2.13,2000
14/01/2014,2.13,2.13,2.13,2.13,0
15/01/2014,2.13,2.13,2.13,2.13,0
16/01/2014,2.13,2.13,2.13,2.13,0
17/01/2014,2.13,2.13,2.13,2.13,0
20/01/2014,2.13,2.13,2.13,2.13,0
21/01/2014,2.13,2.13,2.13,2.13,0
22/01/2014,2.13,2.13,2.13,2.13,0
23/01/2014,2.13,2.13,2.13,2.13,0
24/01/2014,2.13,2.13,2.13,2.13,0
28/01/2014,2.13,2.13,2.13,2.13,0
29/01/2014,2.13,2.13,2.13,2.13,0
30/01/2014,2.13,2.13,2.13,2.13,0
31/01/2014,2.05,2.05,2.05,2.05,6000
03/02/2014,2.05,2.05,2.05,2.05,0
04/02/2014,2.05,2.05,2.05,2.05,0
05/02/2014,2.05,2.05,2.05,2.05,0
06/02/2014,2.05,2.05,2.05,2.05,0
07/02/2014,2.05,2.05,2.05,2.05,0
10/02/2014,2.05,2.05,2.05,2.05,0
11/02/2014,2.05,2.05,2.05,2.05,0
12/02/2014,2.05,2.05,2.05,2.05,0
13/02/2014,2.05,2.05,2.05,2.05,0
14/02/2014,2.05,2.05,2.05,2.05,0
17/02/2014,2.05,2.05,2.05,2.05,0
18/02/2014,2.05,2.05,2.05,2.05,0
19/02/2014,2.05,2.05,2.05,2.05,0
20/02/2014,2.05,2.05,2.05,2.05,0
21/02/2014,2.05,2.05,2.05,2.05,0
24/02/2014,2.05,2.05,2.05,2.05,0
25/02/2014,2.05,2.05,2.05,2.05,3000
26/02/2014,2.05,2.05,2.05,2.05,0
27/02/2014,2.05,2.05,2.05,2.05,0
28/02/2014,2.05,2.05,2.05,2.05,0
03/03/2014,2.05,2.05,2.05,2.05,0
04/03/2014,2.05,2.05,2.05,2.05,0
05/03/2014,2.05,2.05,2.05,2.05,0
06/03/2014,2.05,2.05,2.05,2.05,0
07/03/2014,2.05,2.05,2.05,2.05,0
10/03/2014,2,2.01,2,2.01,1010
11/03/2014,2.01,2.01,2.01,2.01,0
12/03/2014,2.01,2.01,2.01,2.01,0
13/03/2014,2.01,2.01,2.01,2.01,0
14/03/2014,2.01,2.01,2.01,2.01,0
17/03/2014,2.01,2.01,2.01,2.01,0
18/03/2014,2.01,2.01,2.01,2.01,0
19/03/2014,2.01,2.01,2.01,2.01,0
20/03/2014,2.01,2.01,2.01,2.01,0
21/03/2014,2.01,2.01,2.01,2.01,0
24/03/2014,2.01,2.01,2.01,2.01,0
25/03/2014,2.01,2.01,2.01,2.01,0
26/03/2014,2.01,2.01,2.01,2.01,0
27/03/2014,2.01,2.01,2.01,2.01,0
28/03/2014,2.01,2.01,2.01,2.01,0
31/03/2014,2.01,2.01,2.01,2.01,0
01/04/2014,2.01,2.01,2.01,2.01,0
02/04/2014,2.01,2.01,2.01,2.01,0
03/04/2014,2.01,2.01,2.01,2.01,0
04/04/2014,2.01,2.01,2.01,2.01,0
07/04/2014,2.01,2.01,2.01,2.01,0
08/04/2014,2.01,2.01,2.01,2.01,0
09/04/2014,2.01,2.01,2.01,2.01,0
10/04/2014,2.01,2.01,2.01,2.01,0
11/04/2014,2.01,2.01,2.01,2.01,0
14/04/2014,2.01,2.01,2.01,2.01,0
15/04/2014,2.01,2.01,2.01,2.01,0
16/04/2014,2.01,2.01,2.01,2.01,0
17/04/2014,2.01,2.01,2.01,2.01,0
22/04/2014,2.01,2.01,2.01,2.01,0
23/04/2014,2.01,2.01,2.01,2.01,0
24/04/2014,2.01,2.01,2.01,2.01,0
28/04/2014,2.01,2.01,2.01,2.01,0
29/04/2014,2.01,2.01,2.01,2.01,0
30/04/2014,2.01,2.01,2.01,2.01,0
01/05/2014,2.01,2.01,2.01,2.01,0
02/05/2014,2.01,2.01,2.01,2.01,0
05/05/2014,2.01,2.01,2.01,2.01,0
06/05/2014,2.01,2.01,2.01,2.01,0
07/05/2014,2.01,2.01,2.01,2.01,0
08/05/2014,2.01,2.01,2.01,2.01,0
09/05/2014,2.01,2.01,2.01,2.01,0
12/05/2014,2.01,2.01,2.01,2.01,0
13/05/2014,2.01,2.01,2.01,2.01,0
14/05/2014,2.01,2.01,2.01,2.01,0
15/05/2014,2.01,2.01,2.01,2.01,0
16/05/2014,2.01,2.01,2.01,2.01,0
19/05/2014,2.01,2.01,2.01,2.01,0
20/05/2014,2.01,2.01,2.01,2.01,0
21/05/2014,2.01,2.01,2.01,2.01,0
22/05/2014,2.01,2.01,2.01,2.01,0
23/05/2014,2.01,2.01,2.01,2.01,0
26/05/2014,2.01,2.01,2.01,2.01,0
27/05/2014,2.01,2.01,2.01,2.01,0
28/05/2014,2.01,2.01,2.01,2.01,0
29/05/2014,2.01,2.01,2.01,2.01,0
30/05/2014,2.01,2.01,2.01,2.01,0
02/06/2014,2.01,2.01,2.01,2.01,0
03/06/2014,2.01,2.01,2.01,2.01,0
04/06/2014,2.01,2.01,2.01,2.01,0
05/06/2014,2.1,2.1,2.1,2.1,264
06/06/2014,2.1,2.1,2.1,2.1,0
10/06/2014,2.1,2.1,2.1,2.1,0
11/06/2014,2.1,2.1,2.1,2.1,0
12/06/2014,2.1,2.1,2.1,2.1,0
13/06/2014,2.1,2.1,2.1,2.1,0
16/06/2014,2.1,2.1,2.1,2.1,0
17/06/2014,2.1,2.1,2.1,2.1,0
18/06/2014,2.1,2.1,2.1,2.1,0
19/06/2014,2.1,2.1,2.1,2.1,0
20/06/2014,2.1,2.1,2.1,2.1,0
23/06/2014,2.1,2.1,2.1,2.1,0
24/06/2014,2.1,2.1,2.1,2.1,0
25/06/2014,2.1,2.1,2.1,2.1,0
26/06/2014,2.1,2.1,2.1,2.1,0
27/06/2014,2.1,2.1,2.1,2.1,0
30/06/2014,2.1,2.1,2.1,2.1,0
01/07/2014,2.1,2.1,2.1,2.1,0
02/07/2014,2.1,2.1,2.1,2.1,0
03/07/2014,2.1,2.1,2.1,2.1,0
04/07/2014,2.1,2.1,2.1,2.1,0
07/07/2014,2.1,2.1,2.1,2.1,0
08/07/2014,2.1,2.1,2.1,2.1,0
09/07/2014,2.1,2.1,2.1,2.1,0
10/07/2014,2.1,2.1,2.1,2.1,0
11/07/2014,2.1,2.1,2.1,2.1,0
14/07/2014,2.1,2.1,2.1,2.1,0
15/07/2014,2.1,2.1,2.1,2.1,0
16/07/2014,2.1,2.1,2.1,2.1,0
17/07/2014,2.1,2.1,2.1,2.1,0
18/07/2014,2.1,2.1,2.1,2.1,0
21/07/2014,2.1,2.1,2.1,2.1,0
22/07/2014,2.1,2.1,2.1,2.1,0
23/07/2014,2.1,2.1,2.1,2.1,0
24/07/2014,2.1,2.1,2.1,2.1,0
25/07/2014,2.1,2.1,2.1,2.1,0
28/07/2014,2.1,2.1,2.1,2.1,0
29/07/2014,2.1,2.1,2.1,2.1,0
30/07/2014,2.1,2.1,2.1,2.1,0
31/07/2014,2.1,2.1,2.1,2.1,0
01/08/2014,2.1,2.1,2.1,2.1,0
04/08/2014,2.1,2.1,2.1,2.1,0
05/08/2014,2.1,2.1,2.1,2.1,0
06/08/2014,2.1,2.1,2.1,2.1,0
07/08/2014,2.1,2.1,2.1,2.1,0
08/08/2014,2.1,2.1,2.1,2.1,0
11/08/2014,2.1,2.1,2.1,2.1,0
12/08/2014,2.1,2.1,2.1,2.1,0
13/08/2014,2.1,2.1,2.1,2.1,0
14/08/2014,2.1,2.1,2.1,2.1,0
15/08/2014,2.1,2.1,2.1,2.1,0
18/08/2014,2.1,2.1,2.1,2.1,0
19/08/2014,2.1,2.1,2.1,2.1,0
20/08/2014,2.1,2.1,2.1,2.1,0
21/08/2014,2.1,2.1,2.1,2.1,0
22/08/2014,2.1,2.1,2.1,2.1,0
25/08/2014,2.1,2.1,2.1,2.1,0
26/08/2014,2.1,2.1,2.1,2.1,0
27/08/2014,2.1,2.1,2.1,2.1,0
28/08/2014,2.1,2.1,2.1,2.1,0
29/08/2014,2.17,2.17,2.16,2.16,11195
01/09/2014,2.16,2.16,2.16,2.16,0
02/09/2014,2.16,2.16,2.16,2.16,0
03/09/2014,2.16,2.16,2.16,2.16,0
04/09/2014,2.16,2.16,2.16,2.16,1955
05/09/2014,2.16,2.16,2.16,2.16,0
08/09/2014,2.16,2.16,2.16,2.16,0
09/09/2014,2.16,2.16,2.16,2.16,0
10/09/2014,2.16,2.16,2.16,2.16,0
11/09/2014,2.16,2.16,2.16,2.16,0
12/09/2014,2.16,2.16,2.16,2.16,0
15/09/2014,2.16,2.16,2.16,2.16,0
16/09/2014,2.16,2.16,2.16,2.16,0
17/09/2014,2.16,2.16,2.16,2.16,0
18/09/2014,2.3,2.3,2.3,2.3,2000
19/09/2014,2.3,2.3,2.3,2.3,0
22/09/2014,2.3,2.3,2.3,2.3,0
23/09/2014,2.3,2.3,2.3,2.3,0
24/09/2014,2.3,2.3,2.3,2.3,0
25/09/2014,2.3,2.3,2.3,2.3,0
26/09/2014,2.3,2.3,2.3,2.3,0
29/09/2014,2.3,2.3,2.3,2.3,0
30/09/2014,2.3,2.3,2.3,2.3,0
01/10/2014,2.3,2.3,2.3,2.3,0
02/10/2014,2.3,2.3,2.3,2.3,0
03/10/2014,2.3,2.3,2.3,2.3,0
06/10/2014,2.3,2.3,2.3,2.3,0
07/10/2014,2.3,2.3,2.3,2.3,0
08/10/2014,2.3,2.3,2.3,2.3,0
09/10/2014,2.3,2.3,2.3,2.3,0
10/10/2014,2.3,2.3,2.3,2.3,0
13/10/2014,2.3,2.3,2.3,2.3,0
14/10/2014,2.3,2.3,2.3,2.3,0
15/10/2014,2.3,2.3,2.3,2.3,0
16/10/2014,2.3,2.3,2.3,2.3,0
17/10/2014,2.3,2.3,2.3,2.3,0
20/10/2014,2.3,2.3,2.3,2.3,0
21/10/2014,2.3,2.3,2.3,2.3,0
22/10/2014,2.3,2.3,2.3,2.3,0
23/10/2014,2.3,2.3,2.3,2.3,0
24/10/2014,2.3,2.3,2.3,2.3,0
27/10/2014,2.3,2.3,2.3,2.3,0
28/10/2014,2.3,2.3,2.3,2.3,0
29/10/2014,2.3,2.3,2.3,2.3,0
30/10/2014,2.3,2.3,2.3,2.3,0
31/10/2014,2.3,2.3,2.3,2.3,0
03/11/2014,2.3,2.3,2.3,2.3,0
04/11/2014,2.3,2.3,2.3,2.3,0
05/11/2014,2.3,2.3,2.3,2.3,0
06/11/2014,2.3,2.3,2.3,2.3,0
07/11/2014,2.3,2.3,2.3,2.3,0
10/11/2014,2.3,2.3,2.3,2.3,0
11/11/2014,2.35,2.35,2.35,2.35,242
12/11/2014,2.35,2.35,2.35,2.35,0
13/11/2014,2.35,2.35,2.35,2.35,0
14/11/2014,2.35,2.35,2.35,2.35,0
17/11/2014,2.35,2.35,2.35,2.35,0
18/11/2014,2.35,2.35,2.35,2.35,0
19/11/2014,2.35,2.35,2.35,2.35,0
20/11/2014,2.35,2.35,2.35,2.35,0
21/11/2014,2.35,2.35,2.35,2.35,0
24/11/2014,2.35,2.35,2.35,2.35,0
25/11/2014,2.35,2.35,2.35,2.35,0
26/11/2014,2.35,2.35,2.35,2.35,0
27/11/2014,2.35,2.35,2.35,2.35,0
28/11/2014,2.35,2.35,2.35,2.35,0
01/12/2014,2.35,2.35,2.35,2.35,0
02/12/2014,2.35,2.35,2.35,2.35,0
03/12/2014,2.35,2.35,2.35,2.35,0
04/12/2014,2.35,2.35,2.35,2.35,0
05/12/2014,2.35,2.35,2.35,2.35,0
08/12/2014,2.35,2.35,2.35,2.35,0
09/12/2014,2.35,2.35,2.35,2.35,0
10/12/2014,2.35,2.35,2.35,2.35,0
11/12/2014,2.35,2.35,2.35,2.35,0
12/12/2014,2.35,2.35,2.35,2.35,0
15/12/2014,2.35,2.35,2.35,2.35,0
16/12/2014,2.35,2.35,2.35,2.35,0
17/12/2014,2.35,2.35,2.35,2.35,0
18/12/2014,2.35,2.35,2.35,2.35,0
19/12/2014,2.35,2.35,2.35,2.35,0
22/12/2014,2.35,2.35,2.35,2.35,0
23/12/2014,2.35,2.35,2.35,2.35,0
24/12/2014,2.35,2.35,2.35,2.35,0
29/12/2014,2.35,2.35,2.35,2.35,0
30/12/2014,2.35,2.35,2.35,2.35,0
31/12/2014,2.35,2.35,2.35,2.35,0
02/01/2015,2.35,2.35,2.35,2.35,0
05/01/2015,2.35,2.35,2.35,2.35,0
06/01/2015,2.35,2.35,2.35,2.35,0
07/01/2015,2.35,2.35,2.35,2.35,0
08/01/2015,2.35,2.35,2.35,2.35,0
09/01/2015,2.6,2.6,2.6,2.6,387
12/01/2015,2.65,2.65,2.65,2.65,250
13/01/2015,2.65,2.65,2.65,2.65,0
14/01/2015,2.65,2.65,2.65,2.65,0
15/01/2015,2.65,2.65,2.65,2.65,0
16/01/2015,2.65,2.65,2.65,2.65,0
19/01/2015,2.65,2.65,2.65,2.65,0
20/01/2015,2.65,2.65,2.65,2.65,0
21/01/2015,2.65,2.65,2.65,2.65,0
22/01/2015,2.65,2.65,2.65,2.65,0
23/01/2015,2.65,2.65,2.65,2.65,0
27/01/2015,2.65,2.65,2.65,2.65,0
28/01/2015,2.65,2.65,2.65,2.65,0
29/01/2015,2.65,2.65,2.65,2.65,0
30/01/2015,2.65,2.65,2.65,2.65,0
02/02/2015,2.65,2.65,2.65,2.65,0
03/02/2015,2.65,2.65,2.65,2.65,0
04/02/2015,2.86,2.86,2.8,2.8,6201
05/02/2015,2.8,2.8,2.8,2.8,0
06/02/2015,2.8,2.8,2.8,2.8,0
09/02/2015,2.8,2.8,2.8,2.8,0
10/02/2015,2.8,2.8,2.8,2.8,0
11/02/2015,2.8,2.8,2.8,2.8,0
12/02/2015,2.8,2.8,2.8,2.8,0
13/02/2015,2.8,2.8,2.8,2.8,0
16/02/2015,2.8,2.8,2.8,2.8,0
17/02/2015,2.8,2.8,2.8,2.8,0
18/02/2015,2.8,2.8,2.8,2.8,0
19/02/2015,2.8,2.8,2.8,2.8,0
20/02/2015,2.8,2.8,2.8,2.8,0
23/02/2015,2.8,2.8,2.8,2.8,0
24/02/2015,2.8,2.8,2.8,2.8,0
25/02/2015,2.8,2.8,2.8,2.8,0
26/02/2015,2.8,2.8,2.8,2.8,0
27/02/2015,2.8,2.8,2.8,2.8,0
02/03/2015,2.8,2.8,2.8,2.8,0
03/03/2015,2.8,2.8,2.8,2.8,0
04/03/2015,2.8,2.8,2.8,2.8,0
05/03/2015,2.8,2.8,2.8,2.8,0
06/03/2015,2.8,2.8,2.8,2.8,0
09/03/2015,2.8,2.8,2.8,2.8,0
10/03/2015,2.8,2.8,2.8,2.8,0
11/03/2015,2.8,2.8,2.8,2.8,0
12/03/2015,2.8,2.8,2.8,2.8,0
13/03/2015,2.8,2.8,2.8,2.8,0
16/03/2015,2.8,2.8,2.8,2.8,0
17/03/2015,2.8,2.8,2.8,2.8,0
18/03/2015,2.8,2.8,2.8,2.8,0
19/03/2015,2.8,2.8,2.8,2.8,0
20/03/2015,2.8,2.8,2.8,2.8,0
23/03/2015,2.8,2.8,2.8,2.8,0
24/03/2015,2.8,2.8,2.8,2.8,0
25/03/2015,2.8,2.8,2.8,2.8,0
26/03/2015,2.8,2.8,2.8,2.8,0
27/03/2015,2.8,2.8,2.8,2.8,0
30/03/2015,2.8,2.8,2.8,2.8,0
31/03/2015,2.8,2.8,2.8,2.8,0
01/04/2015,2.8,2.8,2.8,2.8,0
02/04/2015,2.8,2.8,2.8,2.8,0
07/04/2015,2.8,2.8,2.8,2.8,0
08/04/2015,2.8,2.8,2.8,2.8,0
09/04/2015,2.8,2.8,2.8,2.8,0
10/04/2015,2.8,2.8,2.8,2.8,0
13/04/2015,2.8,2.8,2.8,2.8,0
14/04/2015,2.8,2.8,2.8,2.8,0
15/04/2015,2.8,2.8,2.8,2.8,0
16/04/2015,2.8,2.8,2.8,2.8,0
17/04/2015,2.8,2.8,2.8,2.8,0
20/04/2015,2.8,2.8,2.8,2.8,0
21/04/2015,2.8,2.8,2.8,2.8,0
22/04/2015,2.8,2.8,2.8,2.8,0
23/04/2015,2.8,2.8,2.8,2.8,0
24/04/2015,2.8,2.8,2.8,2.8,0
27/04/2015,2.8,2.8,2.8,2.8,0
28/04/2015,2.8,2.8,2.8,2.8,0
29/04/2015,3,3,3,3,10376
30/04/2015,3,3.03,2.99,2.99,3737
01/05/2015,2.99,2.99,2.99,2.99,0
04/05/2015,3,3,3,3,4234
05/05/2015,3.03,3.03,3.03,3.03,203
06/05/2015,3.03,3.03,3.03,3.03,0
07/05/2015,3.03,3.03,3.03,3.03,0
08/05/2015,3,3,3,3,351
11/05/2015,3,3,3,3,0
12/05/2015,3,3,3,3,0
13/05/2015,3,3,3,3,3000
14/05/2015,3,3,3,3,500
15/05/2015,3,3,3,3,3085
18/05/2015,2.9,2.9,2.9,2.9,3000
19/05/2015,3,3.02,3,3,10415
20/05/2015,3,3,3,3,0
21/05/2015,3,3,3,3,1300
22/05/2015,3,3,3,3,0
25/05/2015,3,3,3,3,0
26/05/2015,3,3,3,3,0
27/05/2015,3,3,3,3,0
28/05/2015,3,3,3,3,0
29/05/2015,3,3,3,3,0
01/06/2015,3,3,3,3,0
02/06/2015,3,3,3,3,0
03/06/2015,3,3,3,3,0
04/06/2015,3,3,3,3,0
05/06/2015,3,3,3,3,0
09/06/2015,3,3,2.99,2.99,877
10/06/2015,2.99,2.99,2.99,2.99,1800
11/06/2015,2.95,2.95,2.95,2.95,500
12/06/2015,2.95,2.95,2.95,2.95,0
15/06/2015,2.95,2.95,2.95,2.95,0
16/06/2015,2.9,2.9,2.9,2.9,500
17/06/2015,2.9,2.9,2.8,2.8,1655
18/06/2015,2.8,2.8,2.8,2.8,0
19/06/2015,2.8,2.8,2.8,2.8,0
22/06/2015,2.8,2.8,2.8,2.8,0
23/06/2015,2.8,2.8,2.8,2.8,0
24/06/2015,2.8,2.8,2.8,2.8,0
25/06/2015,2.8,2.8,2.8,2.8,0
26/06/2015,2.8,2.8,2.8,2.8,0
29/06/2015,2.8,2.8,2.8,2.8,5895
30/06/2015,2.8,2.8,2.8,2.8,0
01/07/2015,2.8,2.8,2.8,2.8,0
02/07/2015,2.8,2.8,2.8,2.8,0
03/07/2015,2.8,2.8,2.8,2.8,300
06/07/2015,2.8,2.8,2.8,2.8,0
07/07/2015,2.8,2.8,2.8,2.8,0
08/07/2015,2.8,2.8,2.8,2.8,0
09/07/2015,2.8,2.8,2.8,2.8,0
10/07/2015,2.8,2.8,2.8,2.8,0
13/07/2015,2.8,2.8,2.8,2.8,0
14/07/2015,2.8,2.8,2.8,2.8,0
15/07/2015,2.8,2.8,2.8,2.8,0
16/07/2015,2.8,2.8,2.8,2.8,0
17/07/2015,2.8,2.8,2.8,2.8,0
20/07/2015,2.8,2.8,2.8,2.8,0
21/07/2015,2.8,2.8,2.8,2.8,0
22/07/2015,2.8,2.8,2.8,2.8,0
23/07/2015,2.8,2.8,2.8,2.8,0
24/07/2015,2.8,2.8,2.8,2.8,0
27/07/2015,2.8,2.8,2.8,2.8,0
28/07/2015,2.8,2.8,2.8,2.8,0
29/07/2015,2.8,2.8,2.8,2.8,0
30/07/2015,2.8,2.8,2.8,2.8,0
31/07/2015,2.8,2.8,2.8,2.8,0
03/08/2015,2.8,2.8,2.8,2.8,0
04/08/2015,2.8,2.8,2.8,2.8,0
05/08/2015,2.8,2.8,2.8,2.8,0
06/08/2015,2.8,2.8,2.8,2.8,0
07/08/2015,2.8,2.8,2.8,2.8,0
10/08/2015,2.8,2.8,2.8,2.8,0
11/08/2015,2.8,2.8,2.8,2.8,0
12/08/2015,2.8,2.8,2.8,2.8,0
13/08/2015,2.8,2.8,2.8,2.8,0
14/08/2015,2.8,2.8,2.8,2.8,0
17/08/2015,2.8,2.8,2.8,2.8,0
18/08/2015,2.8,2.8,2.8,2.8,0
19/08/2015,2.8,2.8,2.8,2.8,0
20/08/2015,2.8,2.8,2.8,2.8,0
21/08/2015,2.8,2.8,2.8,2.8,0
24/08/2015,2.8,2.8,2.8,2.8,0
25/08/2015,2.8,2.8,2.8,2.8,0
26/08/2015,2.8,2.8,2.8,2.8,0
27/08/2015,2.85,2.85,2.85,2.85,3951
28/08/2015,2.85,2.85,2.85,2.85,0
31/08/2015,2.85,2.85,2.85,2.85,0
01/09/2015,2.85,2.85,2.85,2.85,0
02/09/2015,2.85,2.85,2.85,2.85,0
03/09/2015,2.85,2.85,2.85,2.85,0
04/09/2015,2.85,2.85,2.85,2.85,0
07/09/2015,2.85,2.85,2.85,2.85,0
08/09/2015,2.85,2.85,2.85,2.85,0
09/09/2015,2.85,2.85,2.85,2.85,0
10/09/2015,2.85,2.85,2.85,2.85,0
11/09/2015,2.85,2.85,2.85,2.85,0
14/09/2015,2.85,2.85,2.85,2.85,0
15/09/2015,2.85,2.85,2.85,2.85,3500
16/09/2015,2.85,2.85,2.85,2.85,0
17/09/2015,2.85,2.85,2.85,2.85,0
18/09/2015,2.9,2.9,2.88,2.88,2250
21/09/2015,2.88,2.88,2.88,2.88,0
22/09/2015,2.88,2.88,2.88,2.88,0
23/09/2015,2.88,2.88,2.88,2.88,0
24/09/2015,2.88,2.88,2.88,2.88,0
25/09/2015,2.88,2.88,2.88,2.88,0
28/09/2015,2.88,2.88,2.88,2.88,0
29/09/2015,2.88,2.88,2.88,2.88,0
30/09/2015,2.88,2.88,2.88,2.88,0
01/10/2015,2.84,2.84,2.83,2.83,1100
02/10/2015,2.83,2.83,2.83,2.83,0
05/10/2015,2.83,2.83,2.83,2.83,0
06/10/2015,2.83,2.83,2.83,2.83,0
07/10/2015,2.83,2.83,2.83,2.83,0
08/10/2015,2.83,2.83,2.83,2.83,0
09/10/2015,2.83,2.83,2.83,2.83,0
12/10/2015,2.8,2.8,2.8,2.8,250
13/10/2015,2.8,2.8,2.8,2.8,0
14/10/2015,2.8,2.8,2.8,2.8,0
15/10/2015,2.8,2.8,2.8,2.8,0
16/10/2015,2.8,2.8,2.8,2.8,0
19/10/2015,2.8,2.8,2.8,2.8,0
20/10/2015,2.8,2.8,2.8,2.8,0
21/10/2015,2.8,2.8,2.8,2.8,0
22/10/2015,2.8,2.8,2.8,2.8,0
23/10/2015,2.8,2.8,2.8,2.8,0
26/10/2015,2.8,2.8,2.8,2.8,0
27/10/2015,2.8,2.8,2.8,2.8,0
28/10/2015,2.8,2.8,2.8,2.8,0
29/10/2015,2.8,2.8,2.8,2.8,0
30/10/2015,2.8,2.8,2.8,2.8,0
02/11/2015,2.8,2.8,2.8,2.8,0
03/11/2015,2.8,2.8,2.8,2.8,0
04/11/2015,2.8,2.8,2.8,2.8,0
05/11/2015,2.9,2.9,2.9,2.9,2066
06/11/2015,2.9,2.9,2.9,2.9,0
09/11/2015,2.9,2.9,2.9,2.9,0
10/11/2015,2.9,2.9,2.9,2.9,0
11/11/2015,2.95,2.95,2.95,2.95,660
12/11/2015,2.95,2.95,2.95,2.95,2590
13/11/2015,2.95,2.95,2.95,2.95,0
16/11/2015,2.95,2.95,2.95,2.95,0
17/11/2015,2.95,2.95,2.95,2.95,0
18/11/2015,2.95,2.95,2.95,2.95,1000
19/11/2015,2.95,2.95,2.95,2.95,0
20/11/2015,2.95,2.95,2.95,2.95,0
23/11/2015,2.95,2.95,2.95,2.95,0
24/11/2015,2.95,2.95,2.95,2.95,0
25/11/2015,2.95,2.95,2.95,2.95,0
26/11/2015,2.95,2.95,2.95,2.95,0
27/11/2015,2.95,2.95,2.95,2.95,0
30/11/2015,2.95,2.95,2.95,2.95,0
01/12/2015,2.95,2.95,2.95,2.95,0
02/12/2015,2.95,2.95,2.95,2.95,0
03/12/2015,2.95,2.95,2.95,2.95,0
04/12/2015,2.95,2.95,2.95,2.95,0
07/12/2015,2.95,2.95,2.95,2.95,0
08/12/2015,2.95,2.95,2.95,2.95,0
09/12/2015,2.95,2.95,2.95,2.95,0
10/12/2015,2.95,2.95,2.95,2.95,0
11/12/2015,2.95,2.95,2.95,2.95,0
14/12/2015,2.95,2.95,2.95,2.95,0
15/12/2015,2.95,2.95,2.95,2.95,0
16/12/2015,2.95,2.95,2.95,2.95,0
17/12/2015,2.95,2.95,2.95,2.95,0
18/12/2015,2.95,2.95,2.95,2.95,0
21/12/2015,2.95,2.95,2.95,2.95,0
22/12/2015,2.95,2.95,2.95,2.95,0
23/12/2015,2.95,2.95,2.95,2.95,0
24/12/2015,2.95,2.95,2.95,2.95,0
29/12/2015,2.95,2.95,2.95,2.95,0
30/12/2015,2.95,2.95,2.95,2.95,0
31/12/2015,2.95,2.95,2.95,2.95,0
04/01/2016,2.95,2.95,2.95,2.95,0
05/01/2016,2.95,2.95,2.95,2.95,0
06/01/2016,2.95,2.95,2.95,2.95,0
07/01/2016,2.95,2.95,2.95,2.95,0
08/01/2016,2.95,2.95,2.95,2.95,0
11/01/2016,2.95,2.95,2.95,2.95,0
12/01/2016,2.95,2.95,2.95,2.95,0
13/01/2016,2.95,2.95,2.95,2.95,0
14/01/2016,2.95,2.95,2.95,2.95,0
15/01/2016,2.95,2.95,2.95,2.95,0
18/01/2016,2.95,2.95,2.95,2.95,0
19/01/2016,2.95,2.95,2.95,2.95,0
20/01/2016,2.95,2.95,2.95,2.95,0
21/01/2016,2.95,2.95,2.95,2.95,0
22/01/2016,2.95,2.95,2.95,2.95,0
25/01/2016,2.98,2.98,2.98,2.98,2366
27/01/2016,2.98,2.98,2.98,2.98,0
28/01/2016,2.95,2.95,2.95,2.95,1500
29/01/2016,2.95,2.95,2.95,2.95,0
01/02/2016,2.95,2.95,2.95,2.95,0
02/02/2016,2.95,2.95,2.95,2.95,0
03/02/2016,2.95,2.95,2.95,2.95,0
04/02/2016,2.97,2.97,2.95,2.95,3400
05/02/2016,2.95,2.95,2.95,2.95,0
08/02/2016,2.95,2.95,2.95,2.95,0
09/02/2016,2.95,2.95,2.95,2.95,0
10/02/2016,2.95,2.95,2.95,2.95,0
11/02/2016,2.95,2.95,2.95,2.95,0
12/02/2016,2.95,2.95,2.95,2.95,0
15/02/2016,2.95,2.95,2.95,2.95,0
16/02/2016,3,3,3,3,1000
17/02/2016,3,3,3,3,0
18/02/2016,3,3,3,3,0
19/02/2016,3,3,3,3,0
22/02/2016,3,3,3,3,0
23/02/2016,3,3,3,3,0
24/02/2016,3,3,3,3,0
25/02/2016,3,3,3,3,0
26/02/2016,3,3,3,3,0
29/02/2016,3,3,3,3,0
01/03/2016,3,3,3,3,0
02/03/2016,3,3,3,3,0
03/03/2016,3,3,3,3,0
04/03/2016,3,3,3,3,0
07/03/2016,3,3,3,3,0
08/03/2016,3,3,3,3,0
09/03/2016,3,3,3,3,0
10/03/2016,3,3,3,3,0
11/03/2016,3,3,3,3,0
14/03/2016,3,3,3,3,0
15/03/2016,3,3,3,3,0
16/03/2016,3,3,3,3,0
17/03/2016,3,3,3,3,0
18/03/2016,3,3,3,3,0
21/03/2016,3,3,3,3,0
22/03/2016,3,3,3,3,0
23/03/2016,3,3,3,3,0
24/03/2016,3,3,3,3,0
29/03/2016,3,3,3,3,0
30/03/2016,3,3,3,3,0
31/03/2016,3,3,3,3,0
01/04/2016,3,3,3,3,0
04/04/2016,3,3,3,3,0
05/04/2016,3,3,3,3,0
06/04/2016,3,3,3,3,0
07/04/2016,3,3,3,3,5000
08/04/2016,3,3,3,3,0
11/04/2016,3,3,3,3,0
12/04/2016,3,3,3,3,0
13/04/2016,3.05,3.05,3.05,3.05,950
14/04/2016,3,3,3,3,2500
15/04/2016,3,3,3,3,0
18/04/2016,3,3,3,3,0
19/04/2016,3,3,3,3,0
20/04/2016,3.05,3.05,3.05,3.05,925
21/04/2016,3.05,3.05,3.05,3.05,4000
22/04/2016,3.05,3.05,3.05,3.05,0
26/04/2016,3.05,3.05,3.05,3.05,0
27/04/2016,3.05,3.05,3.05,3.05,0
28/04/2016,3.06,3.06,3.06,3.06,2000
29/04/2016,3.06,3.06,3.06,3.06,0
02/05/2016,3.06,3.06,3.06,3.06,0
03/05/2016,3,3,3,3,2000
04/05/2016,3,3,3,3,3000
05/05/2016,3,3,3,3,0
06/05/2016,3,3,3,3,0
09/05/2016,3,3,3,3,0
10/05/2016,3.02,3.03,3.01,3.01,3924
11/05/2016,3.01,3.01,3.01,3.01,0
12/05/2016,3.01,3.01,3.01,3.01,0
13/05/2016,3.01,3.01,3.01,3.01,0
16/05/2016,3.01,3.01,3.01,3.01,0
17/05/2016,3.01,3.01,3.01,3.01,0
18/05/2016,3.01,3.01,3.01,3.01,0
19/05/2016,3.15,3.15,3.11,3.11,9590
20/05/2016,3.06,3.06,3.06,3.06,2000
23/05/2016,3.13,3.13,3.13,3.13,22500
24/05/2016,3.11,3.11,3.11,3.11,3340
25/05/2016,3.11,3.11,3.11,3.11,0
26/05/2016,3.11,3.11,3.11,3.11,0
27/05/2016,3.11,3.11,3.11,3.11,0
30/05/2016,3.11,3.11,3.11,3.11,0
31/05/2016,3.11,3.11,3.11,3.11,0
01/06/2016,3.11,3.11,3.11,3.11,0
02/06/2016,3.11,3.11,3.11,3.11,0
03/06/2016,3.11,3.11,3.11,3.11,0
06/06/2016,3.11,3.11,3.11,3.11,3215
07/06/2016,3.11,3.11,3.11,3.11,0
08/06/2016,3.11,3.11,3.11,3.11,1915
09/06/2016,3.11,3.11,3.11,3.11,0
10/06/2016,3.11,3.11,3.11,3.11,0
14/06/2016,3.11,3.11,3.11,3.11,0
15/06/2016,3.12,3.12,3.12,3.12,9640
16/06/2016,3.12,3.12,3.12,3.12,0
17/06/2016,3.05,3.05,3.05,3.05,500
20/06/2016,3.05,3.05,3.05,3.05,0
21/06/2016,3.05,3.05,3.05,3.05,0
22/06/2016,3.05,3.05,3.05,3.05,0
23/06/2016,3.05,3.05,2.95,2.95,250
24/06/2016,2.95,2.95,2.95,2.95,0
27/06/2016,2.95,2.95,2.95,2.95,0
28/06/2016,2.95,2.95,2.95,2.95,0
29/06/2016,2.95,2.95,2.95,2.95,0
30/06/2016,2.95,2.95,2.95,2.95,0
01/07/2016,2.95,2.95,2.95,2.95,5922
04/07/2016,2.95,2.95,2.95,2.95,0
05/07/2016,2.98,2.98,2.98,2.98,2000
06/07/2016,2.98,2.98,2.98,2.98,0
07/07/2016,2.98,2.98,2.98,2.98,0
08/07/2016,2.98,2.98,2.98,2.98,0
11/07/2016,2.98,2.98,2.98,2.98,0
12/07/2016,2.98,2.98,2.98,2.98,0
13/07/2016,2.98,2.98,2.98,2.98,0
14/07/2016,2.98,2.98,2.98,2.98,0
15/07/2016,2.98,2.98,2.98,2.98,0
18/07/2016,2.98,2.98,2.98,2.98,0
19/07/2016,3.1,3.1,3.1,3.1,2000
20/07/2016,3.1,3.1,3.1,3.1,0
21/07/2016,3.1,3.1,3.1,3.1,0
22/07/2016,3.1,3.1,3.1,3.1,0
25/07/2016,3.1,3.1,3.1,3.1,0
26/07/2016,3.1,3.1,3.1,3.1,0
27/07/2016,3.1,3.1,3.1,3.1,0
28/07/2016,3.1,3.1,3.1,3.1,0
29/07/2016,3.1,3.1,3.1,3.1,0
01/08/2016,3.1,3.1,3.1,3.1,0
02/08/2016,3.1,3.1,3.1,3.1,0
03/08/2016,3.09,3.09,3.09,3.09,3215
04/08/2016,3.15,3.15,3.15,3.15,1500
05/08/2016,3.2,3.2,3.2,3.2,12500
08/08/2016,3.2,3.2,3.2,3.2,0
09/08/2016,3.2,3.2,3.2,3.2,1000
10/08/2016,3.2,3.2,3.2,3.2,0
11/08/2016,3.15,3.15,3.15,3.15,680
12/08/2016,3.15,3.15,3.15,3.15,0
15/08/2016,3.15,3.15,3.15,3.15,0
16/08/2016,3.15,3.15,3.15,3.15,0
17/08/2016,3.15,3.15,3.15,3.15,0
18/08/2016,3.15,3.15,3.15,3.15,0
19/08/2016,3.15,3.15,3.15,3.15,0
22/08/2016,3.15,3.15,3.15,3.15,0
23/08/2016,3.15,3.15,3.15,3.15,0
24/08/2016,3.15,3.15,3.15,3.15,0
25/08/2016,3.15,3.15,3.15,3.15,0
26/08/2016,3.25,3.25,3.25,3.25,5000
29/08/2016,3.25,3.25,3.25,3.25,0
30/08/2016,3.25,3.25,3.25,3.25,0
31/08/2016,3.25,3.25,3.25,3.25,0
01/09/2016,3.25,3.25,3.25,3.25,0
02/09/2016,3.25,3.25,3.25,3.25,0
05/09/2016,3.25,3.25,3.25,3.25,0
06/09/2016,3.25,3.25,3.25,3.25,350
07/09/2016,3.25,3.25,3.25,3.25,0
08/09/2016,3.25,3.25,3.25,3.25,1500
09/09/2016,3.25,3.25,3.25,3.25,0
12/09/2016,3.25,3.25,3.25,3.25,0
13/09/2016,3.25,3.25,3.25,3.25,0
14/09/2016,3.25,3.25,3.25,3.25,0
15/09/2016,3.25,3.25,3.25,3.25,174
16/09/2016,3.25,3.25,3.25,3.25,0
19/09/2016,3.25,3.25,3.25,3.25,0
20/09/2016,3.25,3.25,3.25,3.25,0
21/09/2016,3.25,3.25,3.25,3.25,3181
22/09/2016,3.23,3.23,3.23,3.23,5550
23/09/2016,3.25,3.25,3.11,3.11,6000
26/09/2016,3.1,3.1,3.1,3.1,3000
27/09/2016,3.1,3.1,3.1,3.1,0
28/09/2016,3.05,3.05,3,3,7387
29/09/2016,3.02,3.02,3.02,3.02,1500
30/09/2016,3.02,3.02,3.02,3.02,0
03/10/2016,3.02,3.02,3.02,3.02,0
04/10/2016,3.02,3.02,3.02,3.02,0
05/10/2016,3.1,3.1,3,3,12370
06/10/2016,3,3,3,3,0
07/10/2016,3,3,3,3,0
10/10/2016,3,3,3,3,0
11/10/2016,3,3,3,3,0
12/10/2016,3,3,3,3,2000
13/10/2016,3,3,3,3,0
14/10/2016,3,3,3,3,0
17/10/2016,3,3,3,3,0
18/10/2016,2.85,2.85,2.85,2.85,3000
19/10/2016,2.85,3,2.85,3,1800
20/10/2016,3,3,3,3,0
21/10/2016,3,3,3,3,0
24/10/2016,3,3,3,3,0
25/10/2016,2.8,2.85,2.8,2.85,12821
26/10/2016,2.8,2.8,2.66,2.66,11479
27/10/2016,2.66,2.66,2.66,2.66,0
28/10/2016,2.66,2.66,2.66,2.66,0
31/10/2016,2.66,2.66,2.66,2.66,0
01/11/2016,2.66,2.66,2.66,2.66,0
02/11/2016,2.66,2.66,2.66,2.66,0
03/11/2016,2.66,2.66,2.66,2.66,0
04/11/2016,2.66,2.66,2.66,2.66,0
07/11/2016,2.66,2.66,2.66,2.66,0
08/11/2016,2.9,2.9,2.8,2.8,5000
09/11/2016,2.8,2.8,2.8,2.8,0
10/11/2016,2.8,2.8,2.8,2.8,4000
11/11/2016,2.75,2.75,2.75,2.75,8718
14/11/2016,2.72,2.72,2.66,2.66,16110
15/11/2016,2.66,2.66,2.6,2.6,5380
16/11/2016,2.6,2.6,2.6,2.6,0
17/11/2016,2.6,2.6,2.6,2.6,0
18/11/2016,2.6,2.6,2.6,2.6,0
21/11/2016,2.7,2.7,2.6,2.6,3000
22/11/2016,2.6,2.6,2.6,2.6,0
23/11/2016,2.6,2.6,2.6,2.6,0
24/11/2016,2.6,2.7,2.6,2.7,17700
25/11/2016,2.65,2.67,2.62,2.62,16500
28/11/2016,2.62,2.62,2.62,2.62,0
29/11/2016,2.62,2.62,2.62,2.62,0
30/11/2016,2.7,2.7,2.7,2.7,666
01/12/2016,2.7,2.7,2.7,2.7,0
02/12/2016,2.7,2.7,2.7,2.7,0
05/12/2016,2.7,2.7,2.7,2.7,0
06/12/2016,2.57,2.79,2.57,2.79,1420
07/12/2016,2.75,2.75,2.75,2.75,7
08/12/2016,2.74,2.74,2.74,2.74,9000
09/12/2016,2.7,2.7,2.7,2.7,4
12/12/2016,2.7,2.7,2.7,2.7,0
13/12/2016,2.65,2.65,2.53,2.56,8910
14/12/2016,2.56,2.56,2.56,2.56,0
15/12/2016,2.56,2.56,2.56,2.56,0
16/12/2016,2.7,2.7,2.7,2.7,1800
19/12/2016,2.7,2.7,2.7,2.7,0
20/12/2016,2.6,2.6,2.6,2.6,740
21/12/2016,2.6,2.6,2.6,2.6,0
22/12/2016,2.65,2.7,2.65,2.65,103000
23/12/2016,2.65,2.65,2.65,2.65,0
28/12/2016,2.62,2.62,2.61,2.61,3
29/12/2016,2.65,2.65,2.65,2.65,750
30/12/2016,2.65,2.65,2.65,2.65,0
03/01/2017,2.65,2.65,2.65,2.65,0
04/01/2017,2.69,2.69,2.68,2.68,89
05/01/2017,2.7,2.72,2.7,2.7,6000
06/01/2017,2.7,2.7,2.7,2.7,5550
09/01/2017,2.7,2.7,2.7,2.7,0
10/01/2017,2.7,2.7,2.7,2.7,0
11/01/2017,2.7,2.7,2.7,2.7,0
12/01/2017,2.7,2.7,2.7,2.7,0
13/01/2017,2.7,2.7,2.7,2.7,0
16/01/2017,2.7,2.7,2.7,2.7,0
17/01/2017,2.81,2.81,2.81,2.81,1100
18/01/2017,2.81,2.81,2.81,2.81,0
19/01/2017,2.81,2.81,2.81,2.81,0
20/01/2017,2.67,2.67,2.67,2.67,1
23/01/2017,2.68,2.7,2.68,2.7,73
24/01/2017,2.81,2.81,2.81,2.81,3000
25/01/2017,2.82,2.82,2.82,2.82,11001
27/01/2017,2.83,2.83,2.83,2.83,2300
30/01/2017,2.88,2.88,2.83,2.83,5900
31/01/2017,2.83,2.83,2.83,2.83,0
01/02/2017,2.83,2.83,2.83,2.83,0
02/02/2017,2.83,2.83,2.83,2.83,0
03/02/2017,2.83,2.83,2.83,2.83,0
06/02/2017,2.9,2.91,2.9,2.91,1500
07/02/2017,2.91,2.91,2.91,2.91,0
08/02/2017,2.91,2.91,2.91,2.91,0
09/02/2017,2.75,2.75,2.7,2.7,10379
10/02/2017,2.74,2.74,2.73,2.73,323
13/02/2017,2.71,2.71,2.71,2.71,3500
14/02/2017,2.74,2.74,2.74,2.74,2
15/02/2017,2.74,2.74,2.74,2.74,0
16/02/2017,2.74,2.74,2.74,2.74,0
17/02/2017,2.74,2.74,2.74,2.74,0
20/02/2017,2.67,2.67,2.67,2.67,2
21/02/2017,2.67,2.67,2.67,2.67,0
22/02/2017,2.74,2.74,2.73,2.73,16998
23/02/2017,2.73,2.73,2.73,2.73,0
24/02/2017,2.78,2.78,2.75,2.75,6900
27/02/2017,2.75,2.75,2.75,2.75,0
28/02/2017,2.75,2.75,2.75,2.75,0
01/03/2017,2.75,2.75,2.75,2.75,0
02/03/2017,2.75,2.75,2.75,2.75,0
03/03/2017,2.75,2.75,2.75,2.75,0
06/03/2017,2.75,2.75,2.75,2.75,0
07/03/2017,2.73,2.73,2.69,2.69,16501
08/03/2017,2.68,2.68,2.68,2.68,5000
09/03/2017,2.68,2.68,2.68,2.68,0
10/03/2017,2.68,2.68,2.68,2.68,0
13/03/2017,2.71,2.71,2.68,2.68,10044
14/03/2017,2.68,2.68,2.68,2.68,10200
15/03/2017,2.68,2.68,2.68,2.68,0
16/03/2017,2.68,2.68,2.68,2.68,0
17/03/2017,2.68,2.68,2.68,2.68,0
20/03/2017,2.68,2.68,2.68,2.68,0
21/03/2017,2.6,2.6,2.6,2.6,2000
22/03/2017,2.6,2.6,2.6,2.6,0
23/03/2017,2.6,2.6,2.6,2.6,0
24/03/2017,2.6,2.6,2.6,2.6,0
27/03/2017,2.6,2.6,2.6,2.6,0
28/03/2017,2.61,2.61,2.61,2.61,1101
29/03/2017,2.64,2.64,2.63,2.63,6502
30/03/2017,2.63,2.63,2.63,2.63,0
31/03/2017,2.63,2.63,2.63,2.63,0
03/04/2017,2.63,2.63,2.63,2.63,0
04/04/2017,2.68,2.68,2.68,2.68,3400
05/04/2017,2.68,2.68,2.68,2.68,6720
06/04/2017,2.68,2.68,2.68,2.68,0
07/04/2017,2.68,2.68,2.68,2.68,0
10/04/2017,2.68,2.68,2.68,2.68,0
11/04/2017,2.68,2.68,2.68,2.68,0
12/04/2017,2.68,2.68,2.68,2.68,0
13/04/2017,2.68,2.68,2.68,2.68,0
18/04/2017,2.68,2.68,2.68,2.68,0
19/04/2017,2.68,2.68,2.68,2.68,0
20/04/2017,2.68,2.68,2.68,2.68,0
21/04/2017,2.8,2.85,2.8,2.85,12300
24/04/2017,2.85,2.85,2.85,2.85,0
26/04/2017,2.85,2.85,2.85,2.85,3000
27/04/2017,2.83,2.83,2.83,2.83,1152
28/04/2017,2.83,2.83,2.8,2.8,7
01/05/2017,2.8,2.8,2.8,2.8,3504
02/05/2017,2.82,2.82,2.78,2.78,7
03/05/2017,2.78,2.78,2.78,2.78,0
04/05/2017,2.82,2.82,2.73,2.73,10120
05/05/2017,2.75,2.75,2.75,2.75,800
08/05/2017,2.75,2.75,2.75,2.75,0
09/05/2017,2.75,2.75,2.75,2.75,0
10/05/2017,2.75,2.75,2.75,2.75,0
11/05/2017,2.8,2.8,2.79,2.79,2506
12/05/2017,2.77,2.81,2.75,2.81,9600
15/05/2017,2.81,2.81,2.81,2.81,233
16/05/2017,2.81,2.81,2.81,2.81,0
17/05/2017,2.81,2.81,2.81,2.81,0
18/05/2017,2.81,2.81,2.81,2.81,0
19/05/2017,2.81,2.81,2.81,2.81,0
22/05/2017,2.81,2.81,2.81,2.81,0
23/05/2017,2.81,2.81,2.81,2.81,3296
24/05/2017,2.81,2.81,2.81,2.81,0
25/05/2017,2.84,2.84,2.84,2.84,1500
26/05/2017,2.87,2.87,2.87,2.87,1250
29/05/2017,2.87,2.87,2.87,2.87,1000
30/05/2017,2.87,2.87,2.87,2.87,1938
31/05/2017,2.87,2.87,2.87,2.87,0
01/06/2017,2.9,2.9,2.9,2.9,180
02/06/2017,2.9,2.9,2.9,2.9,0
05/06/2017,2.9,2.9,2.9,2.9,0
06/06/2017,2.9,2.9,2.9,2.9,0
07/06/2017,2.9,2.9,2.9,2.9,0
08/06/2017,2.8,2.8,2.8,2.8,180
09/06/2017,2.8,2.8,2.8,2.8,0
13/06/2017,2.65,2.65,2.65,2.65,2718
14/06/2017,2.8,2.85,2.8,2.85,268
15/06/2017,2.85,2.85,2.85,2.85,0
16/06/2017,2.85,2.85,2.85,2.85,0
19/06/2017,2.8,2.8,2.8,2.8,2500
20/06/2017,2.8,2.8,2.8,2.8,0
21/06/2017,2.84,2.84,2.84,2.84,3571
22/06/2017,2.84,2.84,2.84,2.84,0
23/06/2017,2.84,2.85,2.84,2.85,8905
26/06/2017,2.85,2.85,2.85,2.85,0
27/06/2017,2.85,2.85,2.85,2.85,0
28/06/2017,2.85,2.85,2.8,2.8,5900
29/06/2017,2.8,2.8,2.8,2.8,0
30/06/2017,2.8,2.8,2.8,2.8,0
03/07/2017,2.8,2.8,2.8,2.8,0
04/07/2017,2.8,2.8,2.8,2.8,0
05/07/2017,2.8,2.8,2.8,2.8,0
06/07/2017,2.8,2.8,2.8,2.8,0
07/07/2017,2.8,2.8,2.8,2.8,0
10/07/2017,2.8,2.8,2.8,2.8,0
11/07/2017,2.8,2.8,2.8,2.8,0
12/07/2017,2.82,2.82,2.82,2.82,8000
13/07/2017,2.82,2.82,2.82,2.82,0
14/07/2017,2.83,2.83,2.83,2.83,10000
17/07/2017,2.83,2.83,2.83,2.83,0
18/07/2017,2.83,2.83,2.83,2.83,0
19/07/2017,2.83,2.83,2.83,2.83,0
20/07/2017,2.83,2.83,2.83,2.83,0
21/07/2017,2.84,2.84,2.84,2.84,2200
24/07/2017,2.84,2.84,2.84,2.84,0
25/07/2017,2.84,2.84,2.84,2.84,0
26/07/2017,2.84,2.84,2.84,2.84,0
27/07/2017,2.85,2.85,2.85,2.85,102000
28/07/2017,2.85,2.85,2.85,2.85,0
31/07/2017,2.9,2.9,2.9,2.9,5007
01/08/2017,2.9,2.9,2.9,2.9,1500
02/08/2017,2.9,2.9,2.9,2.9,0
03/08/2017,2.87,2.87,2.87,2.87,203
04/08/2017,2.87,2.87,2.87,2.87,0
07/08/2017,2.87,2.87,2.87,2.87,0
08/08/2017,2.87,2.87,2.87,2.87,0
09/08/2017,2.87,2.87,2.87,2.87,0
10/08/2017,2.87,2.87,2.87,2.87,0
11/08/2017,2.87,2.87,2.87,2.87,0
14/08/2017,2.87,2.87,2.87,2.87,0
15/08/2017,2.87,2.87,2.87,2.87,0
16/08/2017,2.87,2.87,2.87,2.87,0
17/08/2017,2.85,2.85,2.85,2.85,1500
18/08/2017,2.85,2.85,2.85,2.85,0
21/08/2017,2.85,2.85,2.85,2.85,0
22/08/2017,2.85,2.85,2.85,2.85,0
23/08/2017,2.85,2.85,2.85,2.85,0
24/08/2017,2.9,2.9,2.9,2.9,6620
25/08/2017,2.9,2.9,2.9,2.9,0
28/08/2017,2.87,2.88,2.85,2.85,13497
29/08/2017,2.85,2.85,2.85,2.85,0
30/08/2017,2.88,2.88,2.85,2.85,18423
31/08/2017,2.87,2.87,2.86,2.86,3
01/09/2017,2.86,2.86,2.86,2.86,0
04/09/2017,2.86,2.86,2.86,2.86,0
05/09/2017,2.86,2.86,2.86,2.86,0
06/09/2017,2.85,2.85,2.84,2.84,903
07/09/2017,2.84,2.84,2.84,2.84,22
08/09/2017,2.82,2.82,2.82,2.82,1075
11/09/2017,2.82,2.82,2.82,2.82,0
12/09/2017,2.81,2.85,2.81,2.85,5838
13/09/2017,2.85,2.85,2.85,2.85,0
14/09/2017,2.85,2.85,2.85,2.85,0
15/09/2017,2.85,2.85,2.85,2.85,0
18/09/2017,2.85,2.85,2.85,2.85,0
19/09/2017,2.85,2.85,2.85,2.85,0
20/09/2017,2.85,2.85,2.85,2.85,0
21/09/2017,2.85,2.85,2.85,2.85,0
22/09/2017,2.85,2.85,2.85,2.85,0
25/09/2017,2.85,2.85,2.85,2.85,0
26/09/2017,2.85,2.85,2.85,2.85,0
27/09/2017,2.85,2.85,2.85,2.85,0
28/09/2017,2.85,2.85,2.85,2.85,0
29/09/2017,2.85,2.85,2.85,2.85,0
02/10/2017,2.85,2.85,2.85,2.85,0
03/10/2017,2.85,2.85,2.85,2.85,0
04/10/2017,2.85,2.85,2.85,2.85,0
05/10/2017,2.85,2.85,2.85,2.85,0
06/10/2017,2.85,2.85,2.85,2.85,3500
09/10/2017,2.86,2.86,2.82,2.82,1640
10/10/2017,2.82,2.82,2.82,2.82,0
11/10/2017,2.82,2.82,2.82,2.82,0
12/10/2017,2.82,2.82,2.82,2.82,1900
13/10/2017,2.82,2.82,2.82,2.82,0
16/10/2017,2.82,2.82,2.82,2.82,0
17/10/2017,2.82,2.82,2.82,2.82,0
18/10/2017,2.83,2.83,2.83,2.83,3000
19/10/2017,2.83,2.83,2.83,2.83,0
20/10/2017,2.82,2.82,2.82,2.82,10521
23/10/2017,2.82,2.82,2.82,2.82,0
24/10/2017,2.85,2.85,2.82,2.82,5588
25/10/2017,2.82,2.82,2.82,2.82,6600
26/10/2017,2.82,2.82,2.82,2.82,0
27/10/2017,2.82,2.82,2.82,2.82,0
30/10/2017,2.82,2.82,2.82,2.82,0
31/10/2017,2.83,2.83,2.83,2.83,1500
01/11/2017,2.83,2.83,2.83,2.83,0
02/11/2017,2.83,2.83,2.83,2.83,0
03/11/2017,2.82,2.82,2.82,2.82,4100
06/11/2017,2.82,2.82,2.82,2.82,2187
07/11/2017,2.82,2.82,2.82,2.82,180
08/11/2017,2.82,2.82,2.82,2.82,0
09/11/2017,2.82,2.82,2.82,2.82,0
10/11/2017,2.82,2.82,2.82,2.82,0
13/11/2017,2.82,2.82,2.82,2.82,0
14/11/2017,2.82,2.82,2.82,2.82,0
15/11/2017,2.82,2.82,2.82,2.82,0
16/11/2017,2.82,2.82,2.82,2.82,0
17/11/2017,3,3,3,3,8500
20/11/2017,3,3,3,3,0
21/11/2017,2.96,2.96,2.9,2.9,14150
22/11/2017,2.9,2.9,2.9,2.9,8750
23/11/2017,2.9,2.9,2.9,2.9,0
24/11/2017,2.9,2.9,2.9,2.9,0
27/11/2017,2.9,2.9,2.9,2.9,0
28/11/2017,2.9,2.9,2.9,2.9,0
29/11/2017,2.9,2.9,2.9,2.9,0
30/11/2017,2.9,2.9,2.9,2.9,0
01/12/2017,2.9,2.9,2.9,2.9,0
04/12/2017,2.9,2.9,2.9,2.9,0
05/12/2017,2.9,2.9,2.9,2.9,0
06/12/2017,2.9,2.9,2.9,2.9,0
07/12/2017,2.9,2.9,2.9,2.9,0
08/12/2017,2.9,2.9,2.9,2.9,0
11/12/2017,2.9,2.9,2.9,2.9,0
12/12/2017,2.9,3.05,2.9,3.05,14099
13/12/2017,3.05,3.05,3.05,3.05,8967
14/12/2017,3.06,3.06,3.06,3.06,1000
15/12/2017,3.05,3.05,3.05,3.05,3600
18/12/2017,3,3,3,3,250
19/12/2017,3,3,3,3,0
20/12/2017,2.94,2.94,2.94,2.94,1200
21/12/2017,2.94,2.94,2.94,2.94,0
22/12/2017,2.94,2.94,2.94,2.94,0
27/12/2017,2.94,2.94,2.94,2.94,0
28/12/2017,2.94,2.94,2.94,2.94,0
29/12/2017,2.95,2.95,2.95,2.95,750
02/01/2018,2.95,2.95,2.95,2.95,0
03/01/2018,2.95,2.95,2.95,2.95,0
04/01/2018,2.95,2.95,2.95,2.95,0
05/01/2018,2.95,2.95,2.95,2.95,0
08/01/2018,2.95,2.95,2.95,2.95,0
09/01/2018,2.95,2.95,2.95,2.95,0
10/01/2018,2.95,2.95,2.95,2.95,0
11/01/2018,2.97,2.97,2.95,2.97,13000
12/01/2018,2.97,2.97,2.97,2.97,0
15/01/2018,2.97,2.97,2.97,2.97,0
16/01/2018,2.97,2.97,2.97,2.97,0
17/01/2018,2.97,2.97,2.97,2.97,0
18/01/2018,3,3.01,3,3.01,65
19/01/2018,3.01,3.01,3.01,3.01,1
22/01/2018,3.01,3.01,3.01,3.01,0
23/01/2018,3.04,3.04,3.04,3.04,4500
24/01/2018,3.04,3.04,3.04,3.04,0
25/01/2018,2.92,2.93,2.9,2.93,24000
29/01/2018,2.9,2.9,2.9,2.9,3275
30/01/2018,2.9,2.9,2.9,2.9,0
31/01/2018,2.9,2.9,2.9,2.9,1990
01/02/2018,2.95,2.95,2.95,2.95,1000
02/02/2018,2.95,2.95,2.95,2.95,0
05/02/2018,2.92,2.92,2.89,2.89,6200
06/02/2018,2.84,2.84,2.8,2.8,10650
07/02/2018,2.8,2.8,2.8,2.8,0
08/02/2018,2.8,2.8,2.8,2.8,0
09/02/2018,2.8,2.8,2.8,2.8,0
12/02/2018,2.8,2.8,2.8,2.8,0
13/02/2018,2.81,2.81,2.76,2.76,6948
14/02/2018,2.96,2.96,2.96,2.96,3993
15/02/2018,3.02,3.02,3.02,3.02,10000
16/02/2018,3.02,3.02,3.02,3.02,0
19/02/2018,3.02,3.02,3.02,3.02,0
20/02/2018,3.02,3.02,3.02,3.02,0
21/02/2018,3.02,3.02,3.02,3.02,0
22/02/2018,3.02,3.02,3.02,3.02,0
23/02/2018,3.02,3.02,3.02,3.02,0
26/02/2018,2.85,2.9,2.85,2.89,11170
27/02/2018,2.89,2.89,2.89,2.89,0
28/02/2018,2.89,2.89,2.89,2.89,0
01/03/2018,2.89,2.89,2.89,2.89,0
02/03/2018,2.89,2.89,2.89,2.89,2500
05/03/2018,2.93,2.93,2.93,2.93,1058
06/03/2018,2.93,2.93,2.93,2.93,0
07/03/2018,2.9,2.9,2.9,2.9,2140
08/03/2018,2.9,2.9,2.9,2.9,0
09/03/2018,2.86,2.86,2.85,2.86,5826
12/03/2018,2.86,2.86,2.86,2.86,0
13/03/2018,2.86,2.86,2.86,2.86,0
14/03/2018,2.86,2.86,2.86,2.86,0
15/03/2018,2.85,2.85,2.78,2.78,4940
16/03/2018,2.97,2.98,2.97,2.98,2500
19/03/2018,2.81,2.81,2.81,2.81,725
20/03/2018,2.81,2.81,2.81,2.81,0
21/03/2018,2.81,2.81,2.81,2.81,0
22/03/2018,2.81,2.81,2.81,2.81,0
23/03/2018,2.81,2.81,2.81,2.81,0
26/03/2018,2.81,2.81,2.81,2.81,0
27/03/2018,2.81,2.81,2.81,2.81,0
28/03/2018,2.81,2.81,2.81,2.81,0
29/03/2018,2.93,2.93,2.9,2.9,4500
03/04/2018,2.9,2.9,2.9,2.9,0
04/04/2018,2.9,2.9,2.9,2.9,0
05/04/2018,2.9,2.9,2.9,2.9,0
06/04/2018,2.92,2.92,2.92,2.92,250
09/04/2018,2.91,3,2.91,2.92,12825
10/04/2018,2.95,2.95,2.95,2.95,3025
11/04/2018,2.93,2.93,2.93,2.93,250
12/04/2018,3.01,3.01,3.01,3.01,10187
13/04/2018,3.02,3.02,3.02,3.02,7500
16/04/2018,3.01,3.01,2.99,2.99,6056
17/04/2018,3.01,3.01,3.01,3.01,2000
18/04/2018,3.01,3.01,3.01,3.01,0
19/04/2018,3.01,3.05,3,3,50850
20/04/2018,3,3,3,3,156
23/04/2018,3.01,3.06,3,3,13235
24/04/2018,3,3,3,3,10759
26/04/2018,3.06,3.06,2.95,2.95,3248
27/04/2018,2.95,2.95,2.95,2.95,0
30/04/2018,2.99,3,2.99,3,5200
01/05/2018,3,3,3,3,0
02/05/2018,3,3,3,3,0
03/05/2018,3,3,3,3,0
04/05/2018,2.96,2.96,2.94,2.95,10118
07/05/2018,2.95,2.95,2.95,2.95,0
08/05/2018,3,3,3,3,3000
09/05/2018,2.99,2.99,2.99,2.99,550
10/05/2018,2.98,2.98,2.97,2.97,31808
11/05/2018,2.97,2.97,2.97,2.97,10000
14/05/2018,2.97,2.97,2.97,2.97,0
15/05/2018,2.97,2.97,2.97,2.97,0
16/05/2018,3,3,2.93,2.93,1265
17/05/2018,2.98,2.99,2.98,2.99,7849
18/05/2018,3.03,3.04,3.01,3.01,13486
21/05/2018,3.04,3.06,3.03,3.06,17000
22/05/2018,3.07,3.07,3.05,3.06,17883
23/05/2018,3.05,3.05,3.05,3.05,26
24/05/2018,3.09,3.1,3.09,3.1,10136
25/05/2018,3.12,3.13,3.12,3.12,15241
28/05/2018,3.13,3.13,3.11,3.11,9400
29/05/2018,3.14,3.16,3.14,3.14,1515
30/05/2018,3.13,3.14,3.13,3.14,1967
31/05/2018,3.17,3.17,3.17,3.17,175
01/06/2018,3.1,3.17,3.1,3.17,11454
04/06/2018,2.86,2.86,2.86,2.86,676
05/06/2018,2.86,2.86,2.86,2.86,0
06/06/2018,2.86,2.86,2.86,2.86,0
07/06/2018,2.86,2.86,2.86,2.86,0
08/06/2018,3.03,3.03,3,3,1850
12/06/2018,3.06,3.06,3.06,3.06,4087
13/06/2018,3.08,3.08,3.08,3.08,200
14/06/2018,3.1,3.12,3.1,3.12,10470
15/06/2018,3.12,3.12,3.12,3.12,3540
18/06/2018,3.15,3.15,3.15,3.15,2000
19/06/2018,3.15,3.15,3.15,3.15,0
20/06/2018,3.13,3.13,3.13,3.13,5000
21/06/2018,3.13,3.13,3.13,3.13,0
22/06/2018,3.13,3.13,3.13,3.13,1818
25/06/2018,3.13,3.13,3.13,3.13,0
26/06/2018,3.13,3.13,3.13,3.13,2000
27/06/2018,3.12,3.13,3.12,3.13,8000
28/06/2018,3.13,3.13,3.13,3.13,0
29/06/2018,3.13,3.13,3.13,3.13,0
02/07/2018,3.13,3.13,3.13,3.13,0
03/07/2018,3.1,3.12,3.1,3.12,18
04/07/2018,3.12,3.14,3.12,3.14,15
05/07/2018,3.14,3.14,3.14,3.14,2
06/07/2018,3.14,3.16,3.14,3.16,3008
09/07/2018,3.16,3.16,3.16,3.16,2
10/07/2018,3.14,3.14,3.14,3.14,1077
11/07/2018,3.14,3.14,3.14,3.14,400
12/07/2018,3.13,3.13,3.13,3.13,3
13/07/2018,3.13,3.13,3.13,3.13,3
16/07/2018,3.13,3.13,3.13,3.13,0
17/07/2018,3.1,3.16,3.1,3.16,4323
18/07/2018,3.15,3.18,3.15,3.18,11742
19/07/2018,3.18,3.18,3.15,3.15,11
20/07/2018,3.17,3.17,3.17,3.17,2000
23/07/2018,3.19,3.19,3.19,3.19,300
24/07/2018,3.18,3.18,3.17,3.17,1556
25/07/2018,3.13,3.15,3.12,3.14,7262
26/07/2018,3.17,3.17,3.17,3.17,1600
27/07/2018,3.17,3.17,3.17,3.17,0
30/07/2018,3.16,3.16,3.16,3.16,298
31/07/2018,3.16,3.16,3.16,3.16,0
01/08/2018,3.16,3.16,3.16,3.16,0
02/08/2018,3.05,3.05,3.05,3.05,218
03/08/2018,3.16,3.16,3.14,3.15,3860
06/08/2018,3.12,3.12,3.1,3.1,7435
07/08/2018,3.15,3.15,3.15,3.15,168
08/08/2018,3.15,3.15,3.15,3.15,0
09/08/2018,3.09,3.09,3.07,3.07,3900
10/08/2018,3.09,3.12,3.07,3.07,4524
13/08/2018,3.08,3.08,3.08,3.08,5000
14/08/2018,3.11,3.11,3.07,3.07,3340
15/08/2018,3.09,3.09,3.09,3.09,3250
16/08/2018,3.09,3.15,3.08,3.08,5057
17/08/2018,3.14,3.14,3.14,3.14,500
20/08/2018,3.12,3.12,3.11,3.11,5150
21/08/2018,3.11,3.12,3.11,3.12,5956
22/08/2018,3.12,3.12,3.12,3.12,3
23/08/2018,3.12,3.12,3.12,3.12,0
24/08/2018,3.12,3.12,3.12,3.12,0
27/08/2018,3.12,3.12,3.12,3.12,0
28/08/2018,3.1,3.1,3.1,3.1,492
29/08/2018,3.1,3.1,3.1,3.1,0
30/08/2018,3.1,3.1,3.1,3.1,0
31/08/2018,3.1,3.1,3.1,3.1,0
03/09/2018,3.14,3.14,3.12,3.12,2700
04/09/2018,3.12,3.12,3.12,3.12,0
05/09/2018,3.12,3.12,3.12,3.12,0
06/09/2018,3.12,3.12,3.12,3.12,0
07/09/2018,3.12,3.12,3.12,3.12,0
10/09/2018,3.12,3.12,3.12,3.12,0
11/09/2018,3.14,3.14,3.14,3.14,391
12/09/2018,3.14,3.14,3.14,3.14,0
13/09/2018,3.14,3.14,3.14,3.14,0
14/09/2018,3.14,3.14,3.11,3.11,2366
17/09/2018,3.11,3.11,3.11,3.11,0
18/09/2018,3.11,3.11,3.11,3.11,0
19/09/2018,3.11,3.11,3.11,3.11,0
20/09/2018,3.11,3.11,3.11,3.11,0
21/09/2018,3.11,3.11,3.11,3.11,0
24/09/2018,3.15,3.15,3.15,3.15,1000
25/09/2018,3.15,3.25,3.15,3.25,2524
26/09/2018,3.25,3.25,3.25,3.25,6855
27/09/2018,3.25,3.25,3.24,3.24,62
28/09/2018,3.26,3.31,3.26,3.31,7130
01/10/2018,3.3,3.3,3.3,3.3,6
02/10/2018,3.3,3.3,3.3,3.3,0
03/10/2018,3.3,3.3,3.3,3.3,0
04/10/2018,3.31,3.31,3.3,3.3,2700
05/10/2018,3.27,3.27,3.2,3.2,1300
08/10/2018,3.2,3.2,3.2,3.2,0
09/10/2018,3.19,3.19,3.19,3.19,79
10/10/2018,3.19,3.19,3.19,3.19,0
11/10/2018,3.2,3.2,3.19,3.19,1356
12/10/2018,3.19,3.19,3.19,3.19,0
15/10/2018,3.19,3.19,3.19,3.19,0
16/10/2018,3.19,3.19,3.19,3.19,0
17/10/2018,3.21,3.21,3.18,3.18,4185
18/10/2018,3.2,3.2,3.16,3.16,5161
19/10/2018,3.16,3.16,3.15,3.15,3500
22/10/2018,3.15,3.15,3.15,3.15,0
23/10/2018,3.15,3.15,3.15,3.15,0
24/10/2018,3.15,3.15,3.15,3.15,0
25/10/2018,3.15,3.15,3.15,3.15,3000
26/10/2018,3.16,3.16,3.16,3.16,3000
29/10/2018,3.15,3.15,3.15,3.15,439
30/10/2018,3.15,3.15,3.15,3.15,0
31/10/2018,3.15,3.16,3.15,3.16,66
01/11/2018,3.16,3.16,3.16,3.16,234
02/11/2018,3.16,3.16,3.16,3.16,0
05/11/2018,3.16,3.16,3.16,3.16,597
06/11/2018,3.16,3.16,3.16,3.16,0
07/11/2018,3.16,3.16,3.16,3.16,0
08/11/2018,3.4,3.4,3.4,3.4,2000
09/11/2018,3.35,3.35,3.35,3.35,9
12/11/2018,3.34,3.34,3.33,3.33,22
13/11/2018,3.35,3.42,3.35,3.42,2026
14/11/2018,3.42,3.42,3.42,3.42,0
15/11/2018,3.2,3.2,3.15,3.15,1200
16/11/2018,3.15,3.15,3.15,3.15,0
19/11/2018,3.15,3.15,3.15,3.15,0
20/11/2018,3.35,3.35,3.35,3.35,787
21/11/2018,3.35,3.35,3.35,3.35,0
22/11/2018,3.35,3.35,3.35,3.35,0
23/11/2018,3.35,3.35,3.35,3.35,0
26/11/2018,3.35,3.35,3.35,3.35,0
27/11/2018,3.35,3.35,3.35,3.35,0
28/11/2018,3.35,3.35,3.35,3.35,0
29/11/2018,3.35,3.35,3.35,3.35,0
30/11/2018,3.35,3.35,3.35,3.35,0
03/12/2018,3.35,3.39,3.35,3.39,17200
04/12/2018,3.39,3.39,3.39,3.39,0
05/12/2018,3.39,3.4,3.39,3.4,1300
06/12/2018,3.4,3.4,3.4,3.4,1800
07/12/2018,3.4,3.4,3.4,3.4,0
10/12/2018,3.38,3.38,3.38,3.38,250
11/12/2018,3.38,3.5,3.38,3.5,3787
12/12/2018,3.47,3.59,3.47,3.59,3501
13/12/2018,3.6,3.6,3.6,3.6,1400
14/12/2018,3.49,3.49,3.49,3.49,1501
17/12/2018,3.45,3.45,3.45,3.45,3440
18/12/2018,3.45,3.45,3.45,3.45,0
19/12/2018,3.46,3.48,3.46,3.48,1326
20/12/2018,3.48,3.48,3.48,3.48,0
21/12/2018,3.39,3.6,3.39,3.6,14377
24/12/2018,3.6,3.6,3.6,3.6,0
27/12/2018,3.6,3.6,3.6,3.6,0
28/12/2018,3.6,3.6,3.6,3.6,0
31/12/2018,3.6,3.6,3.6,3.6,0
02/01/2019,3.6,3.6,3.6,3.6,0
03/01/2019,3.6,3.6,3.6,3.6,0
04/01/2019,3.6,3.6,3.6,3.6,0
07/01/2019,3.45,3.45,3.45,3.45,1400
08/01/2019,3.45,3.45,3.45,3.45,4840
09/01/2019,3.45,3.45,3.45,3.45,0
10/01/2019,3.45,3.45,3.45,3.45,0
11/01/2019,3.45,3.45,3.45,3.45,0
14/01/2019,3.51,3.51,3.51,3.51,555
15/01/2019,3.5,3.5,3.5,3.5,2278
16/01/2019,3.5,3.5,3.5,3.5,0
17/01/2019,3.5,3.5,3.5,3.5,0
18/01/2019,3.5,3.5,3.5,3.5,300
21/01/2019,3.5,3.5,3.5,3.5,5000
22/01/2019,3.5,3.5,3.5,3.5,0
23/01/2019,3.5,3.5,3.5,3.5,0
24/01/2019,3.5,3.5,3.5,3.5,0
25/01/2019,3.56,3.56,3.56,3.56,15
29/01/2019,3.56,3.56,3.56,3.56,0
30/01/2019,3.56,3.56,3.56,3.56,0
31/01/2019,3.62,3.62,3.62,3.62,142
01/02/2019,3.62,3.62,3.6,3.6,7064
04/02/2019,3.61,3.61,3.61,3.61,233
05/02/2019,3.61,3.61,3.61,3.61,0
06/02/2019,3.61,3.61,3.61,3.61,0
07/02/2019,3.61,3.61,3.61,3.61,0
08/02/2019,3.61,3.61,3.61,3.61,0
11/02/2019,3.67,3.67,3.65,3.65,5200
12/02/2019,3.65,3.65,3.65,3.65,0
13/02/2019,3.78,3.85,3.78,3.85,16920
14/02/2019,3.82,3.85,3.82,3.85,3708
15/02/2019,3.85,3.85,3.83,3.83,32
18/02/2019,3.82,3.82,3.8,3.8,131
19/02/2019,3.8,3.8,3.8,3.8,0
20/02/2019,3.8,3.8,3.8,3.8,0
21/02/2019,3.8,3.8,3.8,3.8,0
22/02/2019,3.8,3.8,3.8,3.8,0
25/02/2019,3.86,3.86,3.86,3.86,1500
26/02/2019,3.85,3.86,3.85,3.86,3000
27/02/2019,3.86,3.86,3.86,3.86,0
28/02/2019,3.83,3.83,3.83,3.83,2400
01/03/2019,3.81,3.82,3.81,3.82,770
04/03/2019,3.85,3.85,3.85,3.85,1000
05/03/2019,3.85,3.85,3.85,3.85,0
06/03/2019,3.79,3.79,3.75,3.75,4010
07/03/2019,3.8,3.8,3.8,3.8,535
08/03/2019,3.8,3.8,3.8,3.8,0
11/03/2019,3.8,3.8,3.8,3.8,0
12/03/2019,3.8,3.8,3.8,3.8,983
13/03/2019,3.8,3.8,3.8,3.8,0
14/03/2019,3.8,3.8,3.8,3.8,0
15/03/2019,3.8,3.8,3.8,3.8,0
18/03/2019,3.93,3.93,3.93,3.93,2510
19/03/2019,3.93,3.93,3.93,3.93,0
20/03/2019,3.93,3.93,3.93,3.93,0
21/03/2019,3.93,3.93,3.93,3.93,0
22/03/2019,3.93,3.93,3.93,3.93,0
25/03/2019,3.95,3.95,3.95,3.95,9900
26/03/2019,3.95,3.95,3.92,3.92,265
27/03/2019,3.94,3.94,3.94,3.94,108
28/03/2019,3.94,3.94,3.94,3.94,0
29/03/2019,4.14,4.14,4.14,4.14,236
01/04/2019,4.14,4.14,4.14,4.14,0
02/04/2019,4.14,4.14,4.14,4.14,0
03/04/2019,4.14,4.14,4.14,4.14,0
04/04/2019,4.16,4.16,4.16,4.16,360
05/04/2019,4.16,4.16,4.16,4.16,0
08/04/2019,4.03,4.03,4,4,3182
09/04/2019,4,4,4,4,0
10/04/2019,3.94,3.94,3.94,3.94,9004
11/04/2019,4.07,4.07,4,4.06,6052
12/04/2019,4.01,4.02,4.01,4.02,4189
15/04/2019,4.12,4.12,4.12,4.12,467919
16/04/2019,4.15,4.15,4.14,4.14,2122
17/04/2019,4.15,4.15,4.08,4.1,5554
18/04/2019,4.1,4.1,4.1,4.1,0
23/04/2019,4.1,4.1,4.1,4.1,0
24/04/2019,4.19,4.2,4.19,4.2,3489
26/04/2019,4.22,4.22,4.18,4.18,1334
29/04/2019,4.21,4.21,4.11,4.11,2971
30/04/2019,4.13,4.13,4.13,4.13,5435
01/05/2019,4.14,4.2,4.14,4.2,1445
02/05/2019,4.21,4.21,4.21,4.21,7
03/05/2019,4.21,4.21,4.21,4.21,623
06/05/2019,4.24,4.24,4.24,4.24,1875
07/05/2019,4.24,4.24,4.24,4.24,2334
08/05/2019,4.2,4.2,4.2,4.2,230
09/05/2019,4.3,4.35,4.3,4.35,4020
10/05/2019,4.35,4.35,4.35,4.35,0
13/05/2019,4.35,4.35,4.35,4.35,0
14/05/2019,4.17,4.23,4.15,4.21,14302
15/05/2019,4.25,4.25,4.23,4.24,3406
16/05/2019,4.25,4.25,4.22,4.25,2817
17/05/2019,4.25,4.25,4.25,4.25,0
20/05/2019,4.25,4.25,4.25,4.25,0
21/05/2019,4.25,4.25,4.25,4.25,0
22/05/2019,4.11,4.11,4.04,4.11,11293
23/05/2019,4.16,4.16,4.16,4.16,4312
24/05/2019,4.11,4.11,4.11,4.11,730
27/05/2019,4.11,4.11,4.09,4.09,6425
28/05/2019,4.09,4.1,4.09,4.1,2000
29/05/2019,4.26,4.26,4.25,4.25,1766
30/05/2019,4.24,4.25,4.025,4.025,13023
31/05/2019,4.025,4.025,4.025,4.025,0
03/06/2019,4.04,4.04,4.02,4.02,5187
04/06/2019,4.02,4.02,4.02,4.02,0
05/06/2019,4.02,4.02,4.02,4.02,0
06/06/2019,4.02,4.02,4.02,4.02,0
07/06/2019,4.02,4.02,4.02,4.02,0
11/06/2019,4.02,4.02,4.02,4.02,0
12/06/2019,4.1,4.1,4.09,4.09,4458
13/06/2019,4.11,4.12,4.11,4.12,27
14/06/2019,4.2,4.2,4.2,4.2,4105
17/06/2019,4.2,4.22,4.2,4.22,13
18/06/2019,4.22,4.22,4.22,4.22,6
19/06/2019,4.43,4.44,4.39,4.4,27284
20/06/2019,4.3,4.3,4.3,4.3,3
21/06/2019,4.3,4.3,4.3,4.3,2858
24/06/2019,4.31,4.31,4.3,4.3,4747
25/06/2019,4.31,4.31,4.31,4.31,3041
26/06/2019,4.31,4.35,4.31,4.33,6817
27/06/2019,4.39,4.4,4.39,4.4,6977
28/06/2019,4.4,4.44,4.35,4.44,33040
01/07/2019,4.44,4.44,4.44,4.44,0
02/07/2019,4.44,4.44,4.44,4.44,0
03/07/2019,4.45,4.45,4.44,4.45,19240
04/07/2019,4.45,4.45,4.45,4.45,169147
05/07/2019,4.5,4.5,4.42,4.42,3387
08/07/2019,4.62,4.62,4.44,4.44,2168
09/07/2019,4.47,4.49,4.45,4.45,1536
10/07/2019,4.45,4.54,4.44,4.44,1345
11/07/2019,4.53,4.54,4.53,4.54,1101
12/07/2019,4.56,4.56,4.5,4.5,84899
15/07/2019,4.5,4.5,4.5,4.5,0
16/07/2019,4.55,4.55,4.55,4.55,4956
17/07/2019,4.53,4.53,4.5,4.5,5849
18/07/2019,4.5,4.5,4.46,4.46,399
19/07/2019,4.46,4.46,4.46,4.46,0
22/07/2019,4.46,4.46,4.46,4.46,0
23/07/2019,4.55,4.55,4.55,4.55,2202
24/07/2019,4.63,4.63,4.55,4.55,8885
25/07/2019,4.55,4.55,4.42,4.47,2788
26/07/2019,4.48,4.48,4.46,4.46,21
29/07/2019,4.42,4.42,4.39,4.39,4654
30/07/2019,4.39,4.39,4.39,4.39,0
31/07/2019,4.39,4.39,4.39,4.39,0
01/08/2019,4.43,4.43,4.43,4.43,1500
02/08/2019,4.43,4.43,4.43,4.43,0
05/08/2019,4.43,4.43,4.43,4.43,0
06/08/2019,4.46,4.46,4.46,4.46,2298
07/08/2019,4.46,4.46,4.46,4.46,0
08/08/2019,4.61,4.65,4.61,4.65,255
09/08/2019,4.64,4.66,4.64,4.66,3031
12/08/2019,4.67,4.7,4.64,4.64,5485
13/08/2019,4.64,4.64,4.64,4.64,1
14/08/2019,4.7,4.7,4.62,4.62,4047
15/08/2019,4.59,4.62,4.5,4.62,3149
16/08/2019,4.62,4.62,4.32,4.4,2600
19/08/2019,4.41,4.43,4.4,4.4,1691
20/08/2019,4.47,4.47,4.44,4.44,2230
21/08/2019,4.51,4.51,4.45,4.45,4098
22/08/2019,4.45,4.45,4.45,4.45,0
23/08/2019,4.45,4.45,4.45,4.45,1200
26/08/2019,4.45,4.47,4.37,4.47,4560
27/08/2019,4.38,4.38,4.31,4.31,6616
28/08/2019,4.31,4.32,4.31,4.32,586
29/08/2019,4.32,4.34,4.3,4.3,8678
30/08/2019,4.35,4.36,4.3,4.3,9561
02/09/2019,4.34,4.34,4.25,4.25,1950
03/09/2019,4.32,4.34,4.32,4.34,4649
04/09/2019,4.35,4.42,4.33,4.42,2460
05/09/2019,4.42,4.48,4.41,4.46,6461
06/09/2019,4.48,4.5,4.48,4.5,13480
09/09/2019,4.6,4.75,4.6,4.7,3722
10/09/2019,4.7,4.7,4.7,4.7,4062
11/09/2019,4.7,4.7,4.55,4.55,41307
12/09/2019,4.56,4.56,4.56,4.56,33618
13/09/2019,4.56,4.56,4.56,4.56,0
16/09/2019,4.57,4.57,4.51,4.57,7589
17/09/2019,4.57,4.57,4.57,4.57,0
18/09/2019,4.56,4.56,4.545,4.545,611
19/09/2019,4.54,4.54,4.54,4.54,1890
20/09/2019,4.54,4.54,4.54,4.54,0
23/09/2019,4.55,4.55,4.55,4.55,1000
24/09/2019,4.55,4.55,4.55,4.55,0
25/09/2019,4.49,4.55,4.49,4.52,6748
26/09/2019,4.52,4.52,4.52,4.52,0
27/09/2019,4.61,4.61,4.61,4.61,1100
30/09/2019,4.45,4.45,4.45,4.45,1028
01/10/2019,4.55,4.55,4.55,4.55,2500
02/10/2019,4.65,4.65,4.65,4.65,758
03/10/2019,4.62,4.63,4.62,4.63,5
04/10/2019,4.63,4.64,4.6,4.6,254
07/10/2019,4.6,4.6,4.6,4.6,0
08/10/2019,4.75,4.75,4.63,4.63,6953
09/10/2019,4.64,4.69,4.64,4.68,8316
10/10/2019,4.74,4.74,4.74,4.74,2446
11/10/2019,4.73,4.74,4.65,4.65,2330
14/10/2019,4.74,4.97,4.74,4.96,7103
15/10/2019,4.85,4.87,4.85,4.87,4401
16/10/2019,4.73,4.73,4.64,4.64,1033
17/10/2019,4.64,4.64,4.64,4.64,0
18/10/2019,4.64,4.64,4.64,4.64,0
21/10/2019,4.59,4.63,4.59,4.63,1948
22/10/2019,4.62,4.62,4.62,4.62,967
23/10/2019,4.6,4.63,4.59,4.61,13244
24/10/2019,4.61,4.61,4.61,4.61,0
25/10/2019,4.65,4.65,4.6,4.6,710
28/10/2019,4.68,4.68,4.3,4.3,261
29/10/2019,4.51,4.55,4.45,4.47,9244
30/10/2019,4.47,4.47,4.47,4.47,0
31/10/2019,4.47,4.47,4.47,4.47,0
01/11/2019,4.47,4.47,4.47,4.47,0
04/11/2019,4.47,4.47,4.47,4.47,0
05/11/2019,4.64,4.64,4.64,4.64,217
06/11/2019,4.63,4.63,4.63,4.63,110
07/11/2019,4.56,4.56,4.43,4.43,2000
08/11/2019,4.56,4.56,4.56,4.56,2000
11/11/2019,4.56,4.58,4.56,4.58,6
12/11/2019,4.57,4.59,4.57,4.59,4
13/11/2019,4.59,4.59,4.59,4.59,0
14/11/2019,4.47,4.59,4.47,4.59,243
15/11/2019,4.56,4.56,4.56,4.56,127
18/11/2019,4.61,4.61,4.56,4.57,3226
19/11/2019,4.58,4.58,4.5,4.5,4584
20/11/2019,4.5,4.5,4.5,4.5,0
21/11/2019,4.5,4.5,4.5,4.5,0
22/11/2019,4.5,4.5,4.5,4.5,0
25/11/2019,4.59,4.59,4.59,4.59,650
26/11/2019,4.59,4.65,4.59,4.65,2215
27/11/2019,4.65,4.65,4.65,4.65,200
28/11/2019,4.64,4.64,4.64,4.64,214
29/11/2019,4.48,4.57,4.48,4.57,1397
02/12/2019,4.63,4.63,4.63,4.63,3453
03/12/2019,4.63,4.63,4.63,4.63,0
04/12/2019,4.63,4.63,4.62,4.62,5823
05/12/2019,4.62,4.62,4.62,4.62,0
06/12/2019,4.74,4.74,4.74,4.74,348
09/12/2019,4.79,4.85,4.79,4.83,5207
10/12/2019,4.83,4.83,4.78,4.78,7523
11/12/2019,4.78,4.78,4.77,4.77,7349
12/12/2019,4.7,4.77,4.7,4.77,1226
13/12/2019,4.77,4.77,4.77,4.77,0
16/12/2019,4.77,4.77,4.77,4.77,0
17/12/2019,4.77,4.77,4.77,4.77,690
18/12/2019,4.77,4.8,4.76,4.76,9354
19/12/2019,4.75,4.75,4.75,4.75,822
20/12/2019,4.75,4.75,4.75,4.75,0
23/12/2019,4.75,4.75,4.75,4.75,0
24/12/2019,4.75,4.75,4.75,4.75,0
27/12/2019,4.86,4.86,4.85,4.85,2000
30/12/2019,4.94,4.94,4.94,4.94,650
31/12/2019,4.94,4.94,4.94,4.94,0
02/01/2020,4.94,4.94,4.94,4.94,0
03/01/2020,4.94,4.95,4.83,4.94,4262
06/01/2020,5.05,5.05,5,5,1646
07/01/2020,5.05,5.05,5.04,5.04,3450
08/01/2020,5.04,5.04,5.03,5.03,106
09/01/2020,5.04,5.14,5.04,5.13,10094
10/01/2020,5.15,5.15,5.13,5.13,11922
13/01/2020,5.13,5.13,5.09,5.09,1343
14/01/2020,5.13,5.13,5.13,5.13,1384
15/01/2020,5.18,5.19,5.18,5.18,18988
16/01/2020,5.21,5.21,5.2,5.2,6000
17/01/2020,5.23,5.25,5.23,5.25,3406
20/01/2020,5.25,5.25,5.15,5.15,12789
21/01/2020,5.22,5.235,5.21,5.21,2692
22/01/2020,5.22,5.4,5.14,5.39,17293
23/01/2020,5.29,5.32,5.29,5.32,285
24/01/2020,5.39,5.39,5.32,5.32,3313
28/01/2020,5.26,5.34,5.21,5.34,5911
29/01/2020,5.39,5.39,5.3,5.35,17576
30/01/2020,5.35,5.37,5.3,5.3,4916
31/01/2020,5.3,5.3,5.17,5.17,8671
03/02/2020,5.16,5.16,5.16,5.16,6
04/02/2020,5.16,5.16,5.16,5.16,0
05/02/2020,5.19,5.25,5.19,5.25,2399
06/02/2020,5.35,5.35,5.35,5.35,268
07/02/2020,5.36,5.36,5.3,5.3,4677
10/02/2020,5.4,5.4,5.3,5.35,2854
11/02/2020,5.35,5.35,5.35,5.35,0
12/02/2020,5.32,5.32,5.3,5.31,5459
13/02/2020,5.31,5.31,5.31,5.31,0
14/02/2020,5.31,5.31,5.3,5.3,4178
17/02/2020,5.3,5.3,5.3,5.3,0
18/02/2020,5.31,5.32,5.31,5.32,5302
19/02/2020,5.32,5.32,5.32,5.32,0
20/02/2020,5.32,5.32,5.32,5.32,0
21/02/2020,5.35,5.36,5.35,5.36,4208
24/02/2020,5.35,5.35,5.28,5.28,4073
25/02/2020,5.2,5.2,5.06,5.06,4064
26/02/2020,5.01,5.01,4.97,4.97,617
27/02/2020,4.97,4.97,4.97,4.97,0
28/02/2020,4.96,4.96,4.76,4.76,2133
02/03/2020,4.76,4.76,4.75,4.75,4001
03/03/2020,4.88,5,4.88,5,13762
04/03/2020,4.99,4.99,4.99,4.99,2000
05/03/2020,4.99,4.99,4.99,4.99,0
06/03/2020,4.9,4.9,4.9,4.9,6000
09/03/2020,4.8,4.8,4.5,4.5,21628
10/03/2020,4.3,4.4,4.3,4.4,11369
11/03/2020,4.5,4.5,4.49,4.5,10349
12/03/2020,4.53,4.55,4.53,4.55,6747
13/03/2020,4.39,4.39,4.02,4.26,7468
16/03/2020,4.27,4.27,3.92,3.95,7044
17/03/2020,3.74,3.82,3.74,3.82,16240
18/03/2020,4.01,4.01,3.9,3.9,1021
19/03/2020,3.89,3.89,3.75,3.8,10322
20/03/2020,3.81,3.81,3.81,3.81,1652
23/03/2020,3.75,3.75,3.29,3.29,15702
24/03/2020,3.29,3.29,3.15,3.15,4484
25/03/2020,3.5,3.6,3.5,3.6,5244
26/03/2020,3.75,3.75,3.75,3.75,2500
27/03/2020,3.86,4.03,3.86,4,22942
30/03/2020,4.11,4.11,4,4.1,6246
31/03/2020,4.14,4.14,3.95,3.95,1637
01/04/2020,3.86,3.93,3.82,3.88,11991
02/04/2020,3.9,3.9,3.9,3.9,4631
03/04/2020,4.07,4.11,4.05,4.11,4297
06/04/2020,4.08,4.08,4,4,24318
07/04/2020,4.1,4.1,4.08,4.08,2255
08/04/2020,4.05,4.15,4,4.15,11002
09/04/2020,4.15,4.16,4.1,4.1,11157
14/04/2020,4.13,4.19,4.01,4.05,14967
15/04/2020,4.13,4.13,4.13,4.13,4423
16/04/2020,4.13,4.13,4.13,4.13,0
17/04/2020,4.4,4.42,4.35,4.35,6815
20/04/2020,4.48,4.48,4.35,4.42,2766
21/04/2020,4.48,4.48,4.23,4.23,6958
22/04/2020,4.15,4.31,4.14,4.14,533
23/04/2020,4.25,4.25,4.25,4.25,150
24/04/2020,4.24,4.27,4.19,4.22,2877
27/04/2020,4.22,4.22,4.22,4.22,26
28/04/2020,4.3,4.32,4.3,4.32,676
29/04/2020,4.35,4.35,4.32,4.35,4728
30/04/2020,4.41,4.45,4.29,4.29,9136
01/05/2020,4.29,4.35,4.27,4.27,2786
04/05/2020,4.2,4.2,4.2,4.2,847
05/05/2020,4.2,4.2,4.2,4.2,200
06/05/2020,4.3,4.35,4.2,4.25,6352
07/05/2020,4.33,4.37,4.32,4.35,10231
08/05/2020,4.44,4.44,4.4,4.4,6084
11/05/2020,4.37,4.41,4.32,4.41,9564
12/05/2020,4.45,4.53,4.45,4.53,10307
13/05/2020,4.47,4.52,4.46,4.49,2971
14/05/2020,4.45,4.45,4.45,4.45,219
15/05/2020,4.4,4.4,4.35,4.35,2125
18/05/2020,4.45,4.45,4.25,4.3,5661
19/05/2020,4.4,4.5,4.25,4.4,30577
20/05/2020,4.38,4.46,4.38,4.46,625
21/05/2020,4.4,4.4,4.35,4.35,18075
22/05/2020,4.38,4.4,4.37,4.37,5958
25/05/2020,4.5,4.55,4.46,4.55,22097
26/05/2020,4.45,4.58,4.44,4.58,9249
27/05/2020,4.55,4.6,4.55,4.6,15475
28/05/2020,4.65,4.68,4.5,4.5,2202
29/05/2020,4.66,4.665,4.52,4.53,44590
01/06/2020,4.63,4.63,4.6,4.62,3917
02/06/2020,4.65,4.68,4.57,4.58,64421
03/06/2020,4.78,4.82,4.78,4.8,10092
04/06/2020,4.93,5.05,4.8,4.99,11705
05/06/2020,4.9,4.9,4.8,4.81,11479
09/06/2020,4.81,4.81,4.81,4.81,0
10/06/2020,4.68,4.72,4.6,4.65,40387
11/06/2020,4.65,4.73,4.65,4.65,3977
12/06/2020,4.6,4.68,4.52,4.6,16702
15/06/2020,4.6,4.6,4.6,4.6,10091
16/06/2020,4.57,4.6,4.55,4.6,54798
17/06/2020,4.6,4.65,4.55,4.55,3426
18/06/2020,4.56,4.56,4.5,4.51,13870
19/06/2020,4.51,4.53,4.45,4.45,21055
22/06/2020,4.5,4.53,4.5,4.52,63822
23/06/2020,4.5,4.5,4.5,4.5,4185
24/06/2020,4.49,4.49,4.31,4.31,18474
25/06/2020,4.45,4.45,4.4,4.45,6000
26/06/2020,4.46,4.5,4.42,4.44,8877
29/06/2020,4.44,4.44,4.39,4.39,5009
30/06/2020,4.41,4.45,4.31,4.32,10295
01/07/2020,4.45,4.45,4.4,4.4,2637
02/07/2020,4.4,4.4,4.36,4.39,14324
03/07/2020,4.51,4.51,4.5,4.5,11137
06/07/2020,4.55,4.63,4.5,4.5,30078
07/07/2020,4.59,4.65,4.56,4.58,15994
08/07/2020,4.63,4.64,4.6,4.6,6018
09/07/2020,4.55,4.58,4.51,4.52,19885
10/07/2020,4.51,4.69,4.51,4.62,21694
13/07/2020,4.58,4.59,4.47,4.5,27636
14/07/2020,4.46,4.5,4.46,4.5,3019
15/07/2020,4.5,4.5,4.44,4.44,7380
16/07/2020,4.45,4.45,4.44,4.45,11260
17/07/2020,4.44,4.56,4.44,4.56,12882
20/07/2020,4.5,4.5,4.48,4.48,11713
21/07/2020,4.6,4.6,4.6,4.6,1000
22/07/2020,4.57,4.6,4.52,4.52,29637
23/07/2020,4.53,4.59,4.52,4.52,13400
24/07/2020,4.59,4.59,4.51,4.51,21308
27/07/2020,4.56,4.58,4.51,4.54,2824
28/07/2020,4.55,4.55,4.46,4.46,17903
29/07/2020,4.48,4.49,4.46,4.46,8112
30/07/2020,4.5,4.53,4.49,4.53,12130
31/07/2020,4.53,4.53,4.53,4.53,700
03/08/2020,4.52,4.52,4.48,4.48,2179
04/08/2020,4.5,4.5,4.45,4.45,8525
05/08/2020,4.5,4.56,4.46,4.52,9738
06/08/2020,4.5,4.52,4.44,4.52,20163
07/08/2020,4.5,4.5,4.46,4.5,10817
10/08/2020,4.49,4.49,4.47,4.47,4700
11/08/2020,4.47,4.52,4.47,4.52,964
12/08/2020,4.44,4.44,4.39,4.39,25745
13/08/2020,4.39,4.4,4.35,4.35,6959
14/08/2020,4.33,4.34,4.3,4.3,22204
17/08/2020,4.3,4.3,4.3,4.3,0
18/08/2020,4.4,4.4,4.4,4.4,5225
19/08/2020,4.49,4.52,4.49,4.5,2806
20/08/2020,4.51,4.52,4.49,4.52,2306
21/08/2020,4.49,4.53,4.49,4.53,8660
24/08/2020,4.54,4.62,4.54,4.62,11009
25/08/2020,4.64,4.67,4.53,4.64,18669
26/08/2020,4.54,4.54,4.52,4.52,440
27/08/2020,4.53,4.58,4.52,4.58,7460
28/08/2020,4.57,4.59,4.51,4.59,18883
31/08/2020,4.59,4.63,4.55,4.55,8472
01/09/2020,4.55,4.55,4.49,4.49,3735
02/09/2020,4.5,4.54,4.4,4.43,9474
03/09/2020,4.55,4.6,4.55,4.6,12343
04/09/2020,4.59,4.59,4.51,4.55,13759
07/09/2020,4.57,4.57,4.56,4.57,3575
08/09/2020,4.56,4.585,4.56,4.56,5214
09/09/2020,4.54,4.54,4.47,4.5,7101
10/09/2020,4.5,4.5,4.5,4.5,0
11/09/2020,4.5,4.5,4.5,4.5,1890
14/09/2020,4.49,4.49,4.43,4.47,1008
15/09/2020,4.55,4.68,4.5,4.58,425074
16/09/2020,4.6,4.635,4.53,4.55,530141
17/09/2020,4.61,4.61,4.5,4.52,245130
18/09/2020,4.55,4.86,4.55,4.64,296364
21/09/2020,4.62,4.66,4.58,4.6,173478
22/09/2020,4.55,4.56,4.51,4.51,189262
23/09/2020,4.55,4.57,4.52,4.55,95013
24/09/2020,4.55,4.55,4.51,4.51,74078
25/09/2020,4.56,4.57,4.54,4.54,41062
28/09/2020,4.54,4.64,4.53,4.57,114751
29/09/2020,4.7,4.7,4.6,4.6,46053
30/09/2020,4.63,4.65,4.61,4.62,39578
01/10/2020,4.62,4.655,4.6,4.64,20770
02/10/2020,4.65,4.7,4.6,4.61,47746
05/10/2020,4.65,4.7,4.65,4.7,26007
06/10/2020,4.7,4.79,4.7,4.74,61134
07/10/2020,4.74,4.79,4.74,4.76,21790
08/10/2020,4.79,4.84,4.75,4.78,48197
09/10/2020,4.84,4.88,4.8,4.88,39304
12/10/2020,4.94,4.94,4.8,4.81,80533
13/10/2020,4.82,4.9,4.78,4.85,72364
14/10/2020,4.85,5,4.85,4.96,20110
15/10/2020,4.96,4.96,4.92,4.92,50085
16/10/2020,4.95,5.03,4.95,4.95,33609
19/10/2020,5,5.1,4.99,5.08,31413
20/10/2020,5.09,5.14,5.06,5.06,20951
21/10/2020,5.06,5.15,5.02,5.05,33618
22/10/2020,5.15,5.26,5.1,5.13,28780
23/10/2020,5.17,5.35,5.17,5.26,100340
26/10/2020,5.39,5.55,5.36,5.4,153932
27/10/2020,5.4,5.4,5.2,5.25,120396
28/10/2020,5.25,5.27,5.2,5.23,74435
29/10/2020,5.22,5.22,5.13,5.21,37622
30/10/2020,5.22,5.22,5.05,5.15,81236
02/11/2020,5.05,5.09,4.96,5.09,169209
03/11/2020,5.05,5.06,4.95,4.97,146103
04/11/2020,4.95,5.06,4.92,5.06,82225
05/11/2020,5.07,5.1,4.96,4.96,53234
06/11/2020,5.01,5.02,4.97,4.97,84786
09/11/2020,5.015,5.03,4.97,5,81813
10/11/2020,5.1,5.18,5.05,5.07,65586
11/11/2020,5.1,5.15,5.07,5.11,42650
12/11/2020,5.15,5.23,5.12,5.12,73305
13/11/2020,5.14,5.18,5.07,5.09,57989
16/11/2020,5.11,5.11,5.09,5.1,8954
17/11/2020,5.1,5.33,5.09,5.3,1207699
18/11/2020,5.36,5.51,5.25,5.32,452176
19/11/2020,5.3,5.43,5.25,5.35,119506
20/11/2020,5.31,5.41,5.3,5.33,113879
23/11/2020,5.44,5.49,5.36,5.43,182268
24/11/2020,5.44,5.58,5.41,5.48,150549
25/11/2020,5.51,5.51,5.42,5.46,156047
26/11/2020,5.46,5.6,5.46,5.53,59438
27/11/2020,5.56,5.56,5.45,5.5,74858
30/11/2020,5.52,5.68,5.45,5.68,62298
01/12/2020,5.67,5.68,5.6,5.62,45406
02/12/2020,5.65,5.68,5.6,5.61,45709
03/12/2020,5.6,5.6,5.51,5.51,67812
04/12/2020,5.54,5.55,5.5,5.525,110852
07/12/2020,5.62,5.71,5.6,5.62,79509
08/12/2020,5.66,6.8,5.65,6.8,227961
09/12/2020,6.85,6.91,6.8,6.9,281250
10/12/2020,6.82,6.89,6.75,6.89,99464
11/12/2020,6.76,6.84,6.75,6.77,53510
14/12/2020,6.76,6.76,6.72,6.72,112765
15/12/2020,6.7,6.7,6.57,6.6,144183
16/12/2020,6.64,6.65,6.56,6.65,51276
17/12/2020,6.66,6.66,6.57,6.58,41899
18/12/2020,6.65,6.75,6.58,6.7,29492
21/12/2020,6.71,6.85,6.71,6.85,12584
22/12/2020,6.76,6.79,6.72,6.72,18728
23/12/2020,6.84,7.02,6.8,6.91,34530
24/12/2020,7.02,7.02,6.97,7.02,7195
29/12/2020,6.99,7.02,6.91,7.02,27193
30/12/2020,6.93,7,6.89,6.99,29951
31/12/2020,6.95,6.97,6.88,6.91,12848
04/01/2021,6.9,7.3,6.9,7.125,37393
05/01/2021,7.05,7.05,6.97,7.05,31240
06/01/2021,7,7.08,6.98,7.04,44067
07/01/2021,7.05,7.2,7.05,7.12,13946
08/01/2021,7.17,7.17,6.98,7.1,41745
11/01/2021,6.9,6.94,6.8,6.94,54551
12/01/2021,6.79,7,6.75,6.96,66328
13/01/2021,6.9,6.94,6.71,6.71,43055
14/01/2021,6.8,6.8,6.72,6.72,4797
15/01/2021,6.72,6.74,6.62,6.7,31029
18/01/2021,6.7,6.79,6.68,6.79,20128
19/01/2021,6.72,6.72,6.605,6.71,21167
20/01/2021,6.68,6.8,6.61,6.8,28296
21/01/2021,6.77,6.82,6.74,6.81,73737
22/01/2021,6.81,6.88,6.75,6.86,25384
25/01/2021,6.98,7.07,6.92,7.06,23502
27/01/2021,7.25,7.38,7.16,7.16,30681
28/01/2021,7.15,7.19,7.12,7.19,42539
29/01/2021,7.26,7.28,6.78,6.8,42686
01/02/2021,6.92,7.03,6.88,6.88,88526
02/02/2021,6.94,7.02,6.94,6.95,10382
03/02/2021,7.04,7.08,7.02,7.07,26040
04/02/2021,7.04,7.05,6.9,6.9,10516
05/02/2021,7,7.04,6.87,6.92,18339
08/02/2021,7,7.2,7,7.03,5987
09/02/2021,7.04,7.07,7,7.07,11277
10/02/2021,6.98,6.99,6.96,6.99,14416
11/02/2021,6.97,7.01,6.96,7.01,29921
12/02/2021,6.95,7.01,6.94,6.97,24572
15/02/2021,6.96,6.96,6.9,6.91,9687
16/02/2021,6.95,7,6.92,6.94,19748
17/02/2021,6.94,6.95,6.87,6.91,16269
18/02/2021,6.94,7,6.84,6.88,31341
19/02/2021,6.76,6.95,6.71,6.76,28588
22/02/2021,6.83,6.86,6.77,6.77,30661
23/02/2021,6.77,6.84,6.75,6.77,17699
24/02/2021,6.82,6.9,6.75,6.85,10602
25/02/2021,6.82,6.84,6.7,6.8,54823
26/02/2021,6.8,6.96,6.64,6.9,72748
